"id","Tipo"," Asignatura","GRUPO","PE","SEMESTRE","Horas a la semana","Modalidad","Créditos","MODELO","NOMBRE(S)","APELLIDOS","Grupo Responsable","LIC MEFI","LCC MEFI","LIS MEFI","LA MEFI","LEM MEFI","LM cupo","CUPO MAX","Lunes","Aula1","Martes","Aula2","Miércoles","Aula3","Jueves","Aula4","Viernes","Aula5","","","","",""
"1-LM6","Obligatoria","Álgebra Abstracta I","","M(2011)","6","4.5","Ordinario","9","MEYA","Jesús Efrén","Pérez Terrazas","Álgebra","","","","","","25","25","","","17:00 - 18:30","D2","16:30 - 18:00","H6","17:00 - 18:30","C6","","","","","","",""
"2-LCC2","Obligatoria","Álgebra Avanzada","","CC(2016)","2","4.5","Regular","8","MEFI","Pedro David ","Sánchez Salazar","Álgebra","","35","","","","","35","10:00 - 11:30","C4","09:00 - 10:30","D3","08:00 - 09:30","C1","","","","","","","","",""
"3-MEFI1-G1","Obligatoria","Álgebra Intermedia","1","MEFI","1","4","Regular/Acompañamiento","8","MEFI","Ángel Adrián","Bacelis Jiménez","Álgebra","","","","","","","40","","","13:30 - 15:30","H1","","","","","15:30 - 17:30","C10","","","","",""
"3-MEFI1-G2","Obligatoria","Álgebra Intermedia","2","MEFI","1","4","Regular/Acompañamiento","8","MEFI","Ángel Adrián","Bacelis Jiménez","Álgebra","","","","","","","40","","","","","13:30 - 15:30","D4","","","13:30 - 15:30","C1","","","","",""
"3-MEFI1-G3","Obligatoria","Álgebra Intermedia","3","MEFI","1","4","Regular/Acompañamiento","8","MEFI","Abraham Moisés","Canul Pech","Álgebra","","","","","","","20","","","","","13:30 - 15:30","C8","","","13:30 - 15:30","C6","","","","",""
"6-LIC2-G1","Obligatoria","Álgebra Lineal","1","IC(2013)","2","4.5","Regular/Acompañamiento","8","MEFI","Alejandro Waldemar","Cobá Magaña","Álgebra","30","","","","","","30","09:00 - 10:30","H7","","","07:30 - 09:00","H6","10:30 - 12:00","C2","","","","","","",""
"6-LIC2-G2","Obligatoria","Álgebra Lineal","2","IC(2013)","2","4.5","Regular/Acompañamiento","8","MEFI","Alejandro Waldemar","Cobá Magaña","Álgebra","30","","","","","","20","12:00 - 13:30","C3","07:30 - 09:00","D4","","","","","09:00 - 10:30","C2","","","","",""
"8-LA3-Acompañamiento","Obligatoria","Álgebra Lineal","","A(2014)","3","2.5","Acompañamiento","9","MEFI","Victor Manuel ","Bautista Ancona","Álgebra","","","","20","","","20","","","14:00 - 16:30","D1","","","","","","","","","","",""
"9-LCC3-Acompañamiento+LIS3-Acompañamiento","Obligatoria","Álgebra Lineal","","CC(2016)-IS(2016)","3","2.5","Acompañamiento","8","MEFI","Carlos Jacob ","Rubio Barrios","Álgebra","","10","10","","","","20","","","","","","","15:00 - 17:30","D3","","","","","","",""
"10-LEM3-Acompañamiento","Obligatoria","Álgebra Lineal ","","E(2013)","3","2","Acompañamiento","8","MEFI","Carlos Jacob ","Rubio Barrios","Álgebra","","","","","15","","15","","","15:00 - 17:00","C4","","","","","","","","","","",""
"11-LM4","Obligatoria","Álgebra Lineal II","","M(2024)-M(2011)","4","4.5","Regular","8","MEFI 2-MEYA","Jesús Efrén ","Pérez Terrazas","Álgebra","","","","","","30","30","","","07:30 - 09:00","C7","","","07:30 - 09:00","C3","07:30 - 09:00","C3","","","","",""
"12-LIS2-G2","Obligatoria","Álgebra Superior","2","IS(2016)","2","4.5","Regular","8","MEFI","Alejandro Waldemar","Cobá Magaña","Álgebra","","","45","","","","45","07:30 - 09:00","H7","10:30 - 12:00","C10","","","09:00 - 10:30","H1","","","","","","",""
"12-LIS2-G3","Obligatoria","Álgebra Superior","3","IS(2016)","2","4.5","Regular","8","MEFI","María Guadalupe","Ordaz Arjona","Álgebra","","","45","","","","45","07:30 - 09:00","H1","10:30 - 12:00","D3","","","09:00 - 10:30","D2","","","","","","",""
"12-LIS2-G1","Obligatoria","Álgebra Superior","1","IS(2016)","2","4.5","Regular","8","MEFI","Carlos Jacob ","Rubio Barrios","Álgebra","","","45","","","","45","07:30 - 09:00","D4","10:30 - 12:00","H6","","","09:00 - 10:30","D1","","","","","","",""
"15-LEM2","Obligatoria","Álgebra Superior","","E(2013)","2","4","Regular","8","MEFI","Carlos Jacob ","Rubio Barrios","Álgebra","","","","","40","","40","","","07:30 - 09:30","H3","","","","","07:30 - 09:30","H1","","","","",""
"16-LCC1-Acompañamiento","Obligatoria","Álgebra Superior","","CC(2016)","1","2.5","Acompañamiento","8","MEFI","María Guadalupe","Ordaz Arjona","Álgebra","","15","","","","","15","","","","","","","13:30 - 16:00","H4","","","","","","",""
"17-LM2","Obligatoria","Álgebra Superior","","M(2024)","2","4.5","Regular/Recursamiento","8","MEFI","Javier Arturo ","Díaz Vargas","Álgebra","","","","","","35","35","09:00 - 10:30","C10","","","09:30 - 11:00","C4","","","09:00 - 10:30","C4","","","","",""
"18-LA1-Acompañamiento","Obligatoria","Álgebra Superior I","","A(2014)","1","2","Acompañamiento","5","MEFI","Alejandro","Argáez García","Álgebra","","","","20","","","20","","","","","13:30 - 15:30","D3","","","","","","","","",""
"19-LA2-G4","Obligatoria","Álgebra Superior II","4","A(2014)","2","3","Regular","6","MEFI","Victor Manuel ","Bautista Ancona","Álgebra","","","","43","","","43","","","","","09:00 - 10:30","D1","07:30 - 09:00","H2","","","","","","",""
"19-LA2-G3","Obligatoria","Álgebra Superior II","3","A(2014)","2","3","Regular","6","MEFI","Luis Celso ","Chan Palomo","Álgebra","","","","43","","","43","","","","","09:00 - 10:30","H4","07:30 - 09:00","H1","","","","","","",""
"19-LA2-G2","Obligatoria","Álgebra Superior II","2","A(2014)","2","3","Regular","6","mefi","Alejandro Waldemar","Cobá Magaña","Álgebra","","","","43","","","43","","","","","09:00 - 10:30","D4","07:30 - 09:00","H4","","","","","","",""
"19-LA2-G1","Obligatoria","Álgebra Superior II","1","A(2014)","2","3","Regular","6","MEFI","Carlos Jacob ","Rubio Barrios","Álgebra","","","","43","","","43","","","","","09:00 - 10:30","C10","07:30 - 09:00","D1","","","","","","",""
"23-LM8","Optativa","Álgebra Conmutativa","","M(2011)","8","4.5","Ordinario","9","MEYA","Javier Arturo ","Díaz Vargas","Álgebra","","","","","","20","20","13:30 - 15:00","H3","18:00 - 19:30","C8","","","13:30 - 15:00","D3","","","","","","",""
"24-LM4-G3+LCC4-G1","Optativa","Criptografia I","","M(2011)-M(2024)-CC(2016)-IS(2016)","4,4,4,6","4.5","Ordinario/Regular","9","MEYA-MEFI","Victor Manuel ","Bautista Ancona","Álgebra","","8","8","","","16","32","07:30 - 09:00","C2","10:30 - 12:00","H2","","","10:30 - 12:00","C8","","","","","","",""
"29-LEM2","Obligatoria","Didáctica de la Geometría","","E(2013)","2","5","Regular","10","MEFI","María del Pilar","Rosado Ocaña","Coord. LEM","","","","","40","","40","09:30 - 11:30","D1","","","","","09:30 - 11:00","C6","09:30 - 11:00","C6","","","","",""
"30-LEM6","Obligatoria","Didáctica de la Probabilidad y Estadística","","E(2013)","6","5","Regular","10","MEFI","Estelita ","García","Coord. LEM","","","","","25","","25","12:00 - 13:30","H4","","","","","12:00 - 13:30","C1","12:00 - 14:00","C8","","","","",""
"31-LEM4","Obligatoria","Planeación y Evaluación Educativa","","E(2013)","4","4","Regular","8","MEFI","María Guadalupe ","Ordaz Arjona","Coord. LEM","","","","","25","","25","09:30 - 11:30","D4","","","09:00 - 11:00","C3","","","","","","","","",""
"32-","Obligatoria","Prácticas Profesionales","","E(2013)","8","1.5","Regular","8","MEFI","Estelita ","García","Coord. LEM","","","","","20","","20","","","","","11:00 - 12:30","Cubículo","","","","","","","","",""
"33-","Obligatoria","Servicio Social","","E(2013)","8","1.5","Regular","12","MEFI","Estelita ","García","Coord. LEM","","","","","20","","20","","","","","","","10:30 - 12:00","Cubículo","","","","","","",""
"34-LEM6-G1+LEM7-G1+LEM8-G1","Optativa","Currículo por Competencias","","E(2013)","5","5","Regular","10","MEFI","María Guadalupe ","Ordaz Arjona","Coord. LEM","","","","","24","","24","13:30 - 15:00","H2","","","15:30 - 17:30","H1","","","14:00 - 15:30","H2","","","","",""
"35-LEM6+LEM7+LEM8","Optativa","Pensamiento Matemático y Medios Tecnológicos","","E(2013)","5","4","Regular","8","MEFI","Isabel ","Tuyub Sánchez","Coord. LEM","","","","","20","","20","","","15:30 - 17:30","C10","","","15:00 - 17:00","C7","","","","","","",""
"36-LEM6-G1+LEM7-G1+LEM8-G1","Optativa","Pensamiento Matemático Avanzado como herramienta didáctica para la docencia","","E(2013)","6","5","Regular","10","MEFI","Safira Amigai ","Pech Chi","Coord. LEM","","","","","30","","30","","","14:00 - 15:30","H4","13:30 - 15:30","C2","13:30 - 15:00","H3","","","","","","",""
"37-LEM6-G2+LEM7-G2+LEM8-G2","Optativa","Taller de Resolución de Problemas Matemáticos","","E(2013)","5","4.5","Regular","8","MEFI","Pedro David ","Sánchez Salazar","Coord. LEM","","","","","30","","30","13:30 - 15:00","C10","","","15:30 - 17:00","D2","","","14:00 - 15:30","C2","","","","",""
"38-LIC7-Acompañamiento","Obligatoria","Arquitectura de Computadoras","","IC(2013)","7","2.5","Acompañamiento","8","MEFI","Otilio","Santos Aguilar","Coord. LIC","10","","","","","","10","07:30 - 10:00","CC2","","","","","","","","","","","","",""
"39-LCC4","Obligatoria","Arquitectura y Organización de Computadoras","","CC(2016)","4","4.5","Regular","8","MEFI","Otilio","Santos Aguilar","Coord. LIC","","35","","","","","35","","","07:30 - 09:00","CC4","09:30 - 11:00","CC4","07:30 - 09:00","CC4","","","","","","",""
"40-LIS3-Acompañamiento","Obligatoria","Arquitectura y Organización de Computadoras","","IS(2016)","3","2.5","Acompañamiento","8","MEFI","Otilio","Santos Aguilar","Coord. LIC","","","20","","","","20","","","15:30 - 18:00","CC1","","","","","","","","","","",""
"41-LIC5-Acompañamiento","Obligatoria","Circuitos Electrónicos I","","IC(2013)","5","2.5","Acompañamiento","8","MEFI","Johan Jair","Estrada López","Coord. LIC","15","","","","","","15","","","","","","","08:00 - 10:30","Laboratorio de electrónica","","","","","","",""
"42-LIC6","Obligatoria","Circuitos Electrónicos II","","IC(2013)","6","4.5","Regular","8","MEFI","Otilio","Santos Aguilar","Coord. LIC","30","","","","","","30","12:30 - 14:00","Laboratorio de electrónica","","","","","14:00 - 15:30","Laboratorio de electrónica","14:30 - 16:00","Laboratorio de electrónica","","","","",""
"43-LIC4","Obligatoria","Electricidad y Magnetismo","","IC(2013)","4","4.5","Regular","8","MEFI","Aarón Abraham","Aguayo González","Coord. LIC","45","","","","","","45","07:30 - 09:00","D3","","","07:30 - 09:00","D2","","","08:00 - 09:30","D3","","","","",""
"44-LIC3-Acompañamiento","Obligatoria","Física","","IC(2013)","3","2.5","Acompañamiento","8","MEFI","Aarón Abraham","Aguayo González","Coord. LIC","25","","","","","","35","","","","","","","14:00 - 16:30","D2","","","","","","",""
"45-LIC3-Acompañamiento","Obligatoria","Métodos Numéricos","","IC(2013)","3","2.5","Acompañamiento","8","MEFI","Gabriel","Murrieta Hernández","Coord. LIC","20","","","","","","20","","","15:00 - 17:30","CC7","","","","","","","","","","",""
"46-","Obligatoria","Prácticas Profesionales","","IC(2013)","8","1.5","Regular","8","MEFI","Johan Jair","Estrada López","Coord. LIC","25","","","","","","25","","","","","11:00 - 12:30","Cubículo","","","","","","","","",""
"47-LIC6","Obligatoria","Señales y Sistemas","","IC(2013)","6","3","Regular/Acompañamiento","8","MEFI","Gabriel","Murrieta Hernández","Coord. LIC","30","","","","","","30","17:30 - 19:00","C6","12:30 - 14:00","CC3","","","16:30 - 18:00","CC3","","","","","","",""
"49-","Obligatoria","Servicio Social","","IC(2013)","8","1.5","Regular","12","MEFI","Johan Jair","Estrada López","Coord. LIC","25","","","","","","25","","","","","","","13:30 - 15:00","Cubículo","","","","","","",""
"51-LIC6","Obligatoria","Sistemas Digitales II","","IC(2013)","6","3","Regular","8","MEFI","Johan Jair","Estrada López","Coord. LIC","30","","","","","","30","16:00 - 17:30","Laboratorio de electrónica","","","17:00 - 18:30","H2","12:00 - 13:30","H1","","","","","","",""
"52-LIC7-Acompañamiento","Obligatoria","Sistemas Embebidos","","IC(2013)","7","2.5","Acompañamiento","8","MEFI","Otilio","Santos Aguilar","Coord. LIC","10","","","","","","10","10:00 - 12:30","Laboratorio de robótica","","","","","","","","","","","","",""
"53-LCC4-G4+LIC4-G1+LIC4-G3","Optativa","Diseño y Manufactura Digital con Fusion 360","","CC(2016)-IS(2016)-IC(2013)","4, 6, 4","5","Regular","8","MEFI","Fernando Alberto","Ruiz Cardeña","Coord. LIC","8","8","8","","","","24","","","10:00 - 12:00","Laboratorio de robótica","","","10:30 - 12:00","Laboratorio de robótica","12:00 - 13:30","Laboratorio de robótica","","","","",""
"54-LIC6-G1+LIC8-G1","Optativa","Domótica con Linux y Raspberry Pi","","IC(2013)","5","4.5","Regular","8","MEFI","Gabriel","Murrieta Hernández","Coord. LIC","10","","","","","","10","14:00 - 15:30","Laboratorio de electrónica","17:30 - 19:00","Laboratorio de electrónica","","","18:30 - 20:00","Laboratorio de electrónica","","","","","","",""
"56-LIC6-G3+LIC8-G3","Optativa","Física de Dispositivos Semiconductores","","IC(2013)","5","3","Regular","6","MEFI","Ángel Adrián","Bacelis Jiménez","Coord. LIC","20","","","","","","20","","","","","19:30 - 21:00","Laboratorio de electrónica","","","19:30 - 21:00","Laboratorio de electrónica","","","","",""
"57-LIC6-G2+LIC8-G2","Optativa","Sensores Inteligentes","","IC(2013)","5","4.5","Regular","8","MEFI","Irwing Aarón","Cifuentes González","Coord. LIC","","25","","","","","25","14:00 - 15:30","Laboratorio de robótica","17:30 - 19:00","Laboratorio de robótica","","","18:30 - 20:00","Laboratorio de robótica","","","","","","",""
"58-LCC6-G1+LCC8-G1+LIS6-G1+LIS8-G1+LIC6-G1+LIC8-G1","Optativa","Agile Enterprise Project Delivery using the Salesforce Platform ","","CC(2016)-IS(2016)-IC(2013)","6","4","Regular","9","MEFI","Collí Yah Freddy","Cambranes Martínez Edgar","Coord. LIS","7","7","16","","","","30","19:00 - 21:00","V. Síncrona","","","19:00 - 21:00","V. Síncrona","","","","","","","","",""
"59-LIS8-G6","Optativa","AWS Academy Cloud Foundations","","IS(2016)","7","4","Regular","9","MEFI","Eduardo Antonio","Rodríguez González","Coord. LIS","","","35","","","","35","19:00 - 21:00","V. Síncrona","","","","","19:00 - 21:00","V. Síncrona","","","","","","",""
"60-LCC6-G2+LCC8-G2+LIS6-G2+LIS8-G2+LIC6-G2+LIC8-G2","Optativa","Commerce Cloud using the Salesforce Platform","","CC(2016)-IS(2016)-IC(2013)","6","4","Regular","9","MEFI","Smith Shein","Moguel Solís Juan Carlos","Coord. LIS","5","5","20","","","","30","19:00 - 21:00","V. Síncrona","","","19:00 - 21:00","V. Síncrona","","","","","","","","",""
"61-LCC6-G1+LCC8-G1+LIS6-G1+LIS8-G1+LIC6-G1+LIC8-G1","Optativa","Ethical Hacking","","CC(2016)-IS(2016)-IC(2013)","6","4","Regular","9","MEFI","Pastor Enrique","Góngora Cárdenas","Coord. LIS","10","10","15","","","","35","","","19:00 - 21:00","CC1","","","","","19:00 - 21:00","CC1","","","","",""
"62-LCC6-G3+LCC8-G3+LIS6-G3+LIS8-G3+LIC6-G3+LIC8-G3","Optativa","Modelos de Programación Paralela","","CC(2016)-IS(2016)-IC(2013)","5,6,5","4","Regular","8","MEFI","José Luis","López Martínez","Coord. LIS","5","5","11","","","","21","","","18:00 - 20:00","CC7","14:30 - 16:30","CC7","","","","","","","","",""
"63-LIS8-G1","Optativa","Software Architecture in Practice","","IS(2016)","7","4","Regular","9","MEFI","Carlos José","Herrera Plata","Coord. LIS","","","35","","","","35","","","","","13:00 - 15:00","V. Síncrona","","","13:00 - 15:00","V. Síncrona","","","","",""
"64-LCC6-G9+LCC8-G9+LIC6-G9+LIS8-G9+LIC6-G7+LIC8-G7","Optativa","Desarrollo web ágil de API y SPA","","CC(2016)-IS(2016)-IC(2013)","6","4","Regular","9","MEFI","David Antonio","Soberanis Ramírez","Coord. LIS","5","7","18","","","","30","19:00 - 21:00","CC4","19:00 - 21:00","CC4","","","","","","","","","","",""
"65-LIC2-G2","Obligatoria","Cálculo Diferencial","2","IC(2013)","2","4.5","Regular","8","MEFI","María del Pilar","Rosado Ocaña","Coord. LM","40","","","","","","40","","","10:00 - 11:30","C8","09:00 - 10:30","C9","","","07:30 - 09:00","C6","","","","",""
"65-LIC2-G1","Obligatoria","Cálculo Diferencial","1","IC(2013)","2","4.5","Regular","8","MEFI","Genny Rocío","Uicab Ballote","Coord. LM","30","","","","","","30","","","10:00 - 11:30","H3","09:00 - 10:30","C6","","","07:30 - 09:00","C2","","","","",""
"66-LCC2","Obligatoria","Cálculo Diferencial","1","CC(2016)","2","4.5","Regular","8","MEFI","Genny Rocío","Uicab Ballote","Coord. LM","","30","","","","","30","","","07:30 - 09:00","H1","","","07:30 - 09:00","D2","09:30 - 11:00","H7","","","","",""
"67-LIS2-G1","Obligatoria","Cálculo Diferencial","3","IS(2016)","2","4.5","Regular","8","MEFI","Heidy Cecilia","Escamilla Puc","Coord. LM","","","45","","","","45","","","07:30 - 09:00","H2","","","07:30 - 09:00","H6","07:30 - 09:00","H2","","","","",""
"67-LIS2-G2","Obligatoria","Cálculo Diferencial","4","IS(2016)","2","4.5","Regular","8","MEFI","Lucía Belén","Gamboa Salazar","Coord. LM","","","45","","","","45","","","07:30 - 09:00","D3","","","07:30 - 09:00","D4","07:30 - 09:00","H3","","","","",""
"67-LIS2-G3","Obligatoria","Cálculo Diferencial","5","IS(2016)","2","4.5","Regular","8","MEFI","Jorge Carlos","Lugo Jiménez","Coord. LM","","","45","","","","45","","","07:30 - 09:00","H4","","","07:30 - 09:00","D3","07:30 - 09:00","H4","","","","",""
"71-LEM3-Acompañamiento","Obligatoria","Cálculo Diferencial","","E(2013)","3","2.5","Acompañamiento","10","MEFI","Genny Rocío","Uicab Ballote","Coord. LM","","","","","15","","15","","","","","","","12:00 - 14:30","C6","","","","","","",""
"72-LM2","Obligatoria","Cálculo Diferencial","","M(2024)","2","4.5","Regular/Recursamiento","8","MEFI","Óscar Iván","Muñoz Carballo","Coord. LM","","","","","","40","40","10:30 - 12:00","C10","","","","","07:30 - 09:00","H8","11:00 - 12:30","C10","","","","",""
"73-LM4","Obligatoria","Cálculo III/Cálculo Multivariado","","M(2011)-M(2024)","4","7.5","Ordinario/Regular","15","MEYA-MEFI","Lucía Belén","Gamboa Salazar","Coord. LM","","","","","","31","31","09:00 - 10:30","C6","09:00 - 10:30","H2","09:00 - 10:30","C2","09:00 - 10:30","D4","09:00 - 10:30","C9","","","","",""
"74-LEM4","Obligatoria","Cálculo Integral","","E(2013)","4","5","Regular","10","MEFI","Abraham Moisés","Canul Pech","Coord. LM","","","","","35","","35","","","10:00 - 12:00","C4","","","10:00 - 11:30","H6","10:00 - 11:30","H1","","","","",""
"75-LCC3-Acompañamiento+LIS3-Acompañamiento+LIC3-Acompañamiento","Obligatoria","Cálculo Integral","","CC(2016)-IS(2016)-IC(2013)","3","2.5","Acompañamiento","8","MEFI","María del Pilar","Rosado Ocaña","Coord. LM","8","8","8","","","","24","","","","","14:30 - 17:00","C3","","","","","","","","",""
"76-LA3-Acompañamiento","Obligatoria","Cálculo Multivariable","","A(2014)","3","2.5","Acompañamiento","9","MEFI","Lucía Belén","Gamboa Salazar","Coord. LM","","","","20","","","20","","","","","","","","","14:00 - 16:30","H3","","","","",""
"77-LA2-G2","Obligatoria","Cálculo Univariable","2","A(2014)","2","6","Regular","11","mefi","Heidy Cecilia","Escamilla Puc","Coord. LM","","","","43","","","43","09:00 - 10:30","H8","","","07:30 - 09:00","C10","09:30 - 11:00","H3","09:30 - 11:00","D2","","","","",""
"77-LA2-G3","Obligatoria","Cálculo Univariable","3","A(2014)","2","6","Regular","11","MEFI","Ángel Gabriel","Estrella González","Coord. LM","","","","43","","","43","09:00 - 10:30","D3","","","07:30 - 09:00","H8","09:30 - 11:00","H2","09:30 - 11:00","H4","","","","",""
"77-LA2-G1","Obligatoria","Cálculo Univariable","1","A(2014)","2","6","Regular","11","MEFI","Óscar Iván","Muñoz Carballo","Coord. LM","","","","43","","","43","09:00 - 10:30","H3","","","07:30 - 09:00","H3","09:30 - 11:00","H4","09:30 - 11:00","H2","","","","",""
"80-LCC4-G2+LIC4-G2","Obligatoria","Cálculo Vectorial","2","IC(2013)-CC(2016)","4","4.5","Regular","8","MEFI","Abraham Moisés","Canul Pech","Coord. LM","20","15","","","","","35","11:00 - 12:30","C2","12:00 - 13:30","C7","","","12:00 - 13:30","H4","","","","","","",""
"80-LCC4-G1+LIC4-G1","Obligatoria","Cálculo Vectorial","1","IC(2013)-CC(2016)","4","4.5","Regular","8","MEFI","Jorge Carlos","Lugo Jiménez","Coord. LM","20","15","","","","","35","11:00 - 12:30","C8","12:00 - 13:30","H8","","","12:00 - 13:30","H6","","","","","","",""
"80-LCC4-G3+LIC4-G3","Obligatoria","Cálculo Vectorial","3","IC(2013)-CC(2016)","4","4.5","Regular","8","MEFI","Felipe de Jesús","Rosado Vázquez","Coord. LM","20","15","","","","","35","11:00 - 12:30","D3","12:00 - 13:30","C8","","","12:00 - 13:30","D4","","","","","","",""
"83-LA1+LA1-Acompañamiento","Obligatoria","Introducción al Cálculo","","A(2014)","1","3","Regular/Acompañamiento","4","MEFI","Isabel","Tuyub Sánchez","Coord. LM","","","","40","","","40","","","","","","","12:00 - 13:30","D2","12:00 - 13:30","D4","","","","",""
"84-LA6-G2","Obligatoria","Métodos Numéricos","2","A(2014)","6","3","Regular","6","MEFI","Aarón Abraham","Aguayo González","Coord. LM","","","","27","","","27","17:00 - 18:30","CC4","","","","","","","13:00 - 14:30","CC3","","","","",""
"84-LA6-G1","Obligatoria","Métodos Numéricos","1","A(2014)","6","3","Regular","6","MEFI","Miguel Ángel","Can Ek","Coord. LM","","","","27","","","27","17:00 - 18:30","CC8","","","","","","","13:00 - 14:30","CC1","","","","",""
"86-","Obligatoria","Prácticas Profesionales","","M(2011)","6","1.5","Ordinario","8","MEYA","Óscar Iván","Muñoz Carballo","Coord. LM","","","","","","20","20","","","","","11:00 - 12:30","Cubículo","","","","","","","","",""
"87-","Obligatoria","Servicio Social","","M(2011)","8","1.5","Ordinario","12","MEYA","Óscar Iván","Muñoz Carballo","Coord. LM","","","","","","25","25","","","","","","","13:30 - 15:00","Cubículo","","","","","","",""
"88-LM2","Obligatoria","Software para Matemáticas","","M(2024)","2","3","Regular/Recursamiento","5","MEFI","Miguel Ángel","Can Ek","Coord. LM","","","","","","40","40","","","09:00 - 10:30","CC1","","","09:00 - 10:30","CC1","","","","","","",""
"89-LM6-G1+LM8-G1","Optativa","Análisis Funcional","","M(2011)","6","4.5","Ordinario","9","MEYA","Omar","Muñiz Pérez","Coord. LM","","","","","","30","30","18:00 - 19:30","C3","","","13:30 - 15:00","C6","","","17:30 - 19:00","C2","","","","",""
"90-LM2-G1+LM4-G1","Optativa","Combinatoria Enumerativa ","","M(2011)-M(2024)","3,2","4.5","Regular","9","MEYA-MEFI","Pedro David ","Sánchez Salazar","Coord. LM","","","","","","30","30","07:30 - 09:00","H2","10:30 - 12:00","C3","","","10:30 - 12:00","D2","","","","","","",""
"91-LM2-G2+LM4-G2","Optativa","Introducción a la Teoría de Nudos","","M(2011)-M(2024)","2","4.5","Regular","9","MEYA-MEFI","Luis Celso ","Chan Palomo","Coord. LM","","","","","","20","20","07:30 - 09:00","C9","10:30 - 12:00","C2","","","10:30 - 12:00","C1","","","","","","",""
"92-LM6-G2+LM8-G2","Optativa","Introducción a las álgebras de Lie","","M(2011)","6","4.5","Ordinario","9","MEYA","Ma. Isabel","Hernández","Coord. LM","","","","","","25","25","18:00 - 19:30","D2","","","13:30 - 15:00","H1","","","17:30 - 19:00","C1","","","","",""
"100-LM6","Obligatoria","Análisis Matemático ","","M(2011)","6","4.5","Ordinario","9","MEYA","Ángel Gabriel","Estrella González","Ecuaciones Diferenciales, Análisis y Enseñanza de las Matemáticas","","","","","","25","25","13:30 - 15:00","H7","","","","","13:30 - 15:00","D4","13:30 - 15:00","C10","","","","",""
"101-LEM1-Acompañamiento","Obligatoria","Didáctica del Álgebra","","E(2013)","1","2.5","Acompañamiento","10","MEFI","Eddie de Jesús","Aparicio Landa","Ecuaciones Diferenciales, Análisis y Enseñanza de las Matemáticas","","","","","20","","20","12:00 - 14:30","C1","","","","","","","","","","","","",""
"102-LEM4","Obligatoria","Didáctica del Cálculo","","E(2013)","4","5","Regular","10","MEFI","Eddie de Jesús","Aparicio Landa","Ecuaciones Diferenciales, Análisis y Enseñanza de las Matemáticas","","","","","30","","30","07:30 - 09:30","C4","07:30 - 09:00","C1","07:30 - 09:00","C4","","","","","","","","",""
"103-LCC5-Acompañamiento+LIC5-Acompañamiento","Obligatoria","Ecuaciones Diferenciales","","IC(2013)-CC(2016)","5","2.5","Acompañamiento","8","MEFI","Felipe de Jesús","Rosado Vázquez","Ecuaciones Diferenciales, Análisis y Enseñanza de las Matemáticas","10","5","","","","","15","","","","","","","","","09:00 - 11:30","D1","","","","",""
"104-LA4-G2+LA4-G3","Obligatoria","Ecuaciones Diferenciales","2","A(2014)","4","4","Regular","8","MEFI","Alejandro","Argáez García","Ecuaciones Diferenciales, Análisis y Enseñanza de las Matemáticas","","","","35","","","35","07:30 - 09:30","H6","08:00 - 10:00","H6","","","","","","","","","","",""
"104-LA4-G1","Obligatoria","Ecuaciones Diferenciales","1","A(2014)","4","4","Regular","8","MEFI","Felipe de Jesús","Rosado Vázquez","Ecuaciones Diferenciales, Análisis y Enseñanza de las Matemáticas","","","","35","","","35","07:30 - 09:30","D2","08:00 - 10:00","H7","","","","","","","","","","",""
"106-LEM3-Acompañamiento","Obligatoria","Informática Educativa","","E(2013)","3","2","Acompañamiento","8","MEFI","Landy Elena","Sosa Moguel","Ecuaciones Diferenciales, Análisis y Enseñanza de las Matemáticas","","","","","10","","10","13:00 - 15:00","CC6","","","","","","","","","","","","",""
"107-LEM7","Obligatoria","Introducción a la Investigación en Matemática Educativa","","E(2013)","7","4","Regular / Acompañamiento","8","MEFI","Eddie de Jesús","Aparicio Landa","Ecuaciones Diferenciales, Análisis y Enseñanza de las Matemáticas","","","","","15","","15","","","17:30 - 19:30","C3","","","","","17:30 - 19:30","F1","","","","",""
"108-LEM6-G1","Obligatoria","Laboratorio Didáctico","1","E(2013)","6","8","Regular","8","MEFI","Eddie de Jesús","Aparicio Landa","Ecuaciones Diferenciales, Análisis y Enseñanza de las Matemáticas","","","","","15","","15","15:00 - 17:00","C7","12:00 - 14:00","H7","","","17:00 - 19:00","C8","15:30 - 17:30","C6","","","","",""
"108-LEM6-G2","Obligatoria","Laboratorio Didáctico","2","E(2013)","6","8","Regular","8","MEFI","Landy Elena","Sosa Moguel","Ecuaciones Diferenciales, Análisis y Enseñanza de las Matemáticas","","","","","15","","15","15:00 - 17:00","H7","12:00 - 14:00","C2","","","17:00 - 19:00","C2","15:30 - 17:30","H4","","","","",""
"110-LEM2","Obligatoria","Lectura y Redacción Técnica","","E(2013)","2","2","Regular","6","MEFI","Landy Elena","Sosa Moguel","Ecuaciones Diferenciales, Análisis y Enseñanza de las Matemáticas","","","","","35","","35","","","10:00 - 12:00","C7","","","","","","","","","","",""
"111-LM8","Obligatoria","Modelación Matemática","","M(2011)","8","4.5","Ordinario","9","MEYA","Eric José","Ávila Vales","Ecuaciones Diferenciales, Análisis y Enseñanza de las Matemáticas","","","","","","25","25","","","16:30 - 18:00","C6","16:30 - 18:00","C6","16:30 - 18:00","C9","","","","","","",""
"112-LEM6","Obligatoria","Teorías en Matemática Educativa","","E(2013)","6","4","Regular","8","MEFI","Landy Elena","Sosa Moguel","Ecuaciones Diferenciales, Análisis y Enseñanza de las Matemáticas","","","","","25","","25","","","17:30 - 19:30","C7","17:30 - 19:30","C2","","","","","","","","",""
"113-LEM6-G2+LEM7-G2+LEM8-G2","Optativa","Reconceptualización del Saber Matemático Escolar","","E(2013)","6","5","Regular","10","MEFI","Eddie de Jesús/Landy Elena"," Aparicio Landa/Sosa Moguel","Ecuaciones Diferenciales, Análisis y Enseñanza de las Matemáticas","","","","","25","","25","","","14:00 - 15:30","C2","13:30 - 15:30","C7","13:30 - 15:00","H8","","","","","","",""
"114-LA7-Acompañamiento","Obligatoria","Análisis de Supervivencia","","A(2014)","7","1.5","Acompañamiento","5","MEFI","José Luis","Batún Cutz","ESTADÍSTICA","","","","10","","","10","","","","","","","","","11:30 - 13:00","CC2","","","","",""
"115-LA7-Acompañamiento","Obligatoria","Cálculo Actuarial para el Seguro de No Vida","","A(2014)","7","2.5","Acompañamiento","9","MEFI","María Auxilio Lucía","Chan García","ESTADÍSTICA","","","","10","","","10","","","","","","","09:00 - 11:30","H8","","","","","","",""
"116-LA5-Acompañamiento","Obligatoria","Cálculo Actuarial para el Seguro de Vida I","","A(2014)","5","2","Acompañamiento","8","MEFI","Eduardo Camilo Carlos","Hernández García","ESTADÍSTICA","","","","15","","","15","11:00 - 13:00","F1","","","","","","","","","","","","",""
"117-LA6-G2","Obligatoria","Cálculo Actuarial para el Seguro de Vida II","2","A(2014)","6","4","Regular","8","MEFI","María Auxilio Lucía","Chan García","Estadística","","","","25","","","25","","","","","15:00 - 17:00","CC3","16:00 - 18:00","CC4","","","","","","",""
"117-LA6-G1","Obligatoria","Cálculo Actuarial para el Seguro de Vida II","1","A(2014)","6","4","Regular","8","MEFI","Eduardo Camilo Carlos","Hernández García","Estadística","","","","25","","","25","","","","","15:00 - 17:00","CC1","16:00 - 18:00","CC1","","","","","","",""
"119-LA1-Acompañamiento","Obligatoria","Contabilidad Financiera","","A(2014)","1","2.5","Acompañamiento","7","MEFI","Jesús","Burgos Bastarrachea","ESTADÍSTICA","","","","20","","","20","15:00 - 17:30","D3","","","","","","","","","","","","",""
"120-LA6","Obligatoria","Demografía","","A(2014)","6","2","Regular","4","MEFI","Jesús Enrique","López Flores","Estadística","","","","43","","","43","","","15:00 - 17:00","H6","","","","","","","","","","",""
"121-LA5-Acompañamiento","Obligatoria","Estadística No Paramétrica","","A(2014)","5","1.5","Acompañamiento","6","MEFI","Salvador","Medina Peralta","ESTADÍSTICA","","","","15","","","15","","","08:00 - 09:30","C3","","","","","","","","","","",""
"122-LA6-G1","Obligatoria","Herramientas Computacionales","1","A(2014)","6","3","Regular","6","mefi","Jorge Miguel","Guzmán Arjona","Estadística","","","","25","","","25","","","17:00 - 18:30","CC3","17:00 - 18:30","CC8","","","","","","","","",""
"122-LA6-G2","Obligatoria","Herramientas Computacionales","2","A(2014)","6","3","Regular","6","MEFI","Eduardo Camilo Carlos","Hernández García","Estadística","","","","25","","","25","","","17:00 - 18:30","CC8","17:00 - 18:30","CC1","","","","","","","","",""
"124-LA4-G1","Obligatoria","Inferencia Estadística","1","A(2014)","4","5","Regular","8","MEFI","Eduardo Camilo Carlos","Hernández García","Estadística","","","","40","","","40","","","10:00 - 12:00","H8","10:00 - 11:00","H3","10:00 - 12:00","C4","","","","","","",""
"124-LA4-G2+LA4-G3","Obligatoria","Inferencia Estadística","2","A(2014)","4","5","Regular","8","MEFI","Felipe Reyes","Tuz Poot","Estadística","","","","40","","","40","","","10:00 - 12:00","C1","10:00 - 11:00","C7","10:00 - 12:00","D3","","","","","","",""
"126-LEM6","Obligatoria","Inferencia Estadística","","E(2013)","6","4","Regular","8","MEFI","Rubén Alejandro","Cool Padilla","Estadística","","","","","25","","25","17:30 - 19:30","H7","","","","","","","17:30 - 19:30","H1","","","","",""
"127-LCC6","Obligatoria","Inferencia Estadística","","CC(2016)","6","5","Regular","8","MEFI","Salvador","Medina Peralta","Estadística","","30","","","","","30","","","15:00 - 17:00","C7","","","15:00 - 17:00","H2","18:00 - 19:00","C7","","","","",""
"128-LIS5-Acompañamiento","Obligatoria","Inferencia Estadística","","IS(2016)","5","2.5","Acompañamiento","7","MEFI","Salvador","Medina Peralta","ESTADÍSTICA","","","15","","","","15","10:30 - 13:00","H6","","","","","","","","","","","","",""
"129-LA2-G1","Obligatoria","Introducción a la Admon. de Riesgos","1","A(2014)","2","2","Regular","4","MEFI","María Auxilio Lucía","Chan García","Estadística","","","","43","","","43","","","08:30 - 10:30","D2","","","","","","","","","","",""
"129-LA2-G2","Obligatoria","Introducción a la Admon. de Riesgos","2","A(2014)","2","2","Regular","4","mefi","María Auxilio Lucía","Chan García","Estadística","","","","43","","","43","10:30 - 12:30","H3","","","","","","","","","","","","",""
"129-LA2-G3","Obligatoria","Introducción a la Admon. de Riesgos","3","A(2014)","2","2","Regular","4","MEFI","Mariana","Escalante Barrera","Estadística","","","","43","","","43","","","08:30 - 10:30","C10","","","","","","","","","","",""
"132-LA6","Obligatoria","Introducción a la Seguridad Social","","A(2014)","6","1","Regular","4","MEFI","Jesús Enrique","López Flores","Estadística","","","","40","","","40","","","","","","","","","14:30 - 15:30","D4","","","","",""
"133-LA5-Acompañamiento","Obligatoria","Investigación de Operaciones","","A(2014)","5","1.5","Acompañamiento","6","MEFI","Ángel Adrián","Bacelis Jiménez","ESTADÍSTICA","","","","15","","","15","","","10:00 - 11:30","C6","","","","","","","","","","",""
"134-LA4-G1","Obligatoria","Macroeconomía","1","A(2014)","4","3","Regular","5","MEFI","Daniel Abraham","Adrián Osorio","Estadística","","","","35","","","35","","","12:00 - 13:30","C1","","","07:30 - 09:00","H3","","","","","","",""
"134-LA4-G2","Obligatoria","Macroeconomía","2","A(2014)","4","3","Regular","5","MEFI","Daniel Abraham","Adrián Osorio","Estadística","","","","35","","","35","","","","","","","12:00 - 13:30","C10","10:30 - 12:00","C8","","","","",""
"134-LA4-G3","Obligatoria","Macroeconomía","3","A(2014)","4","3","Regular","5","MEFI","Daniel Abraham","Adrián Osorio","Estadística","","","","35","","","35","10:30 - 12:00","H7","","","","","","","09:00 - 10:30","H8","","","","",""
"137-LA3-Acompañamiento","Obligatoria","Matemáticas Financieras","","A(2014)","3","2","Acompañamiento","6","MEFI","Mariana","Escalante Barrera","ESTADÍSTICA","","","","15","","","15","","","","","13:30 - 15:30","H7","","","","","","","","",""
"138-LA3-Acompañamiento","Obligatoria","Microeconomia","","A(2014)","3","1.5","Acompañamiento","5","MEFI","Daniel Abraham","Adrián Osorio","ESTADÍSTICA","","","","20","","","20","13:00 - 14:30","C8","","","","","","","","","","","","",""
"139-LA8","Obligatoria","Operación del Seguro","","A(2014)","8","3","Regular","6","MEFI","María Auxilio Lucía","Chan García","Estadística","","","","42","","","42","17:00 - 18:30","D4","15:00 - 16:30","H7","","","","","","","","","","",""
"140-","Obligatoria","Prácticas Profesionales","","A(2014)","8","1.5","Regular/Acompañamiento","8","MEFI","María Auxilio Lucía","Chan García","ESTADÍSTICA","","","","50","","","50","","","","","11:00 - 12:30","Cubículo","","","","","","","","",""
"141-LIS4-G3","Obligatoria","Probabilidad","3","IS(2016)","4","4.5","Regular","7","MEFI","María Dolores","Matus Basto","Estadística","","","35","","","","35","07:30 - 09:00","C10","07:30 - 09:00","H8","","","","","07:30 - 09:00","H6","","","","",""
"141-LIS4-G1","Obligatoria","Probabilidad","1","IS(2016)","4","4.5","Regular","7","MEFI","Felipe Reyes","Tuz Poot","Estadística","","","35","","","","35","13:00 - 14:30","C6","","","07:30 - 09:00","D4","08:30 - 10:00","C8","","","","","","",""
"141-LIS4-G2","Obligatoria","Probabilidad","2","IS(2016)","4","4.5","Regular","7","MEFI","Felipe Reyes","Tuz Poot","Estadística","","","35","","","","35","07:30 - 09:00","C6","07:30 - 09:00","C8","","","","","07:30 - 09:00","C7","","","","",""
"144-LIC4","Obligatoria","Probabilidad","","IC(2013)","4","5","Regular","10","MEFI","María Dolores","Matus Basto","Estadística","45","","","","","","45","","","","","09:00 - 11:00","H2","07:30 - 09:00","C10","09:30 - 11:00","H6","","","","",""
"145-LM4","Obligatoria","Probabilidad","","M(2011)-M(2024)","4","5","Ordinario/Regular","10","MEYA-MEFI","Adrián Alberto","Ayora Quintal","Estadística","","","","","","31","31","11:00 - 13:00","C7","","","07:30 - 09:00","C7","","","10:30 - 12:00","D3","","","","",""
"146-LEM5-Acompañamiento","Obligatoria","Probabilidad","","E(2013)","5","2.5","Acompañamiento","10","MEFI","Rubén Alejandro","Cool Padilla","ESTADÍSTICA","","","","","10","","10","","","","","","","","","09:30 - 12:00","C3","","","","",""
"147-LCC5-Acompañamiento","Obligatoria","Probabilidad","","CC(2016)","5","2.5","Acompañamiento","8","MEFI","Rubén Alejandro","Cool Padilla","ESTADÍSTICA","","15","","","","","15","","","09:00 - 11:30","D1","","","","","","","","","","",""
"148-LA3-Acompañamiento","Obligatoria","Probabilidad I","","A(2014)","3","2.5","Acompañamiento","8","MEFI","Jesús Enrique","López Flores","ESTADÍSTICA","","","","20","","","20","","","","","","","14:30 - 17:00","C10","","","","","","",""
"149-LA4-G1","Obligatoria","Probabilidad II","1","A(2014)","4","5","Regular","8","MEFI","Jorge Miguel","Guzmán Arjona","Estadística","","","","43","","","43","12:00 - 13:30","D1","","","07:30 - 09:30","H1","","","07:30 - 09:00","D1","","","","",""
"149-LA4-G2+LA4-G3","Obligatoria","Probabilidad II","2","A(2014)","4","5","Regular","8","MEFI","Jesús Enrique","López Flores","Estadística","","","","43","","","43","12:00 - 13:30","H1","","","07:30 - 09:30","H7","","","07:30 - 09:00","H8","","","","",""
"151-LA5-Acompañamiento","Obligatoria","Procesos Estocásticos","","A(2014)","5","5","Regular/Acompañamiento","8","MEFI","Henry Gaspar","Pantí Trejo","ESTADÍSTICA","","","","20","","","20","15:00 - 17:00","C4","13:30 - 15:00","C4","","","13:30 - 15:00","C9","","","","","","",""
"152-LA7-Acompañamiento","Obligatoria","Productos Derivados","","A(2014)","7","1.5","Acompañamiento","5","MEFI","Jorge Miguel","Guzmán Arjona","ESTADÍSTICA","","","","10","","","10","10:00 - 11:30","C1","","","","","","","","","","","","",""
"153-LA8","Obligatoria","Profesionalismo","","A(2014)","8","1","Regular","6","MEFI","Eduardo Camilo Carlos","Hernández García","Estadística","","","","34","","","34","","","","","","","","","16:30 - 17:30","C4","","","","",""
"155-LA8","Obligatoria","Series de Tiempo","","A(2014)","8","3","Regular","6","MEFI","José Luis","Batún Cutz","Estadística","","","","40","","","40","","","","","","","17:00 - 18:30","CC8","15:00 - 16:30","CC4","","","","",""
"156-","Obligatoria","Servicio Social","","A(2014)","8","1.5","Regular","12","MEFI","María Auxilio Lucía","Chan García","ESTADÍSTICA","","","","45","","","45","","","","","","","13:30 - 15:00","Cubículo","","","","","","",""
"157-LA2","Obligatoria","Sistemas Financieros","1","A(2014)","2","2","Regular","4","MEFI","Jesús","Burgos Bastarrachea","Estadística","","","","43","","","43","","Asíncrona","","","","","","","","","","","","",""
"157-LA2","Obligatoria","Sistemas Financieros","2","A(2014)","2","2","Regular","4","MEFI","Jesús","Burgos Bastarrachea","Estadística","","","","43","","","43","","Asíncrona","","","","","","","","","","","","",""
"157-LA2","Obligatoria","Sistemas Financieros","3","A(2014)","2","2","Regular","4","MEFI","Jesús","Burgos Bastarrachea","Estadística","","","","43","","","43","","Asíncrona","","","","","","","","","","","","",""
"160-LA8","Obligatoria","Técnicas de Muestreo","","A(2014)","8","3","Regular","4","MEFI","Rubén Alejandro","Cool Padilla","Estadística","","","","44","","","44","","","17:00 - 18:30","H1","17:00 - 18:30","D1","","","","","","","","",""
"161-LA4-G1","Obligatoria","Teoría del Seguro","1","A(2014)","4","3","Regular","4","MEFI","Mariana","Escalante Barrera","Estadística","","","","30","","","30","","","","","","","12:00 - 13:30","D1","10:00 - 11:30","C7","","","","",""
"161-LA4-G2+LA4-G3","Obligatoria","Teoría del Seguro","2","A(2014)","4","3","Regular","4","MEFI","Mariana","Escalante Barrera","Estadística","","","","30","","","30","","","12:00 - 13:30","C3","","","","","12:00 - 13:30","C4","","","","",""
"163-LA4-G1","Obligatoria","Valuación de Activos Financieros","1","A(2014)","4","2.5","Regular","5","MEFI","Mariana","Escalante Barrera","Estadística","","","","30","","","30","09:30 - 12:00","C9","","","","","","","","","","","","",""
"163-LA4-G2+LA4-G3","Obligatoria","Valuación de Activos Financieros","2","A(2014)","4","2.5","Regular","5","MEFI","Mariana","Escalante Barrera","Estadística","","","","30","","","30","","","","","","","07:30 - 10:00","H7","","","","","","",""
"165-LA6-G1+LA8-G1","Optativa","Costos y Análisis Presupuestal","","A(2014)","6","4","Regular","7","MEFI","Luis Armando","Luna Gamboa","Estadística","","","","20","","","20","","","13:00 - 15:00","CC5","","","13:00 - 15:00","CC7","","","","","","",""
"166-LA6+LEM7+LEM8+LM6-G2+LM8-G2","Optativa","Estadística Bayesiana y Teoría de Decisiones","","A(2014)-M(2011)-E(2013)","6,6,7","4","Regular","8","MEFI","Jorge Armando","Argáez Sosa","Estadística","","","","25","5","5","35","15:00 - 17:00","C6","","","","","","","15:30 - 17:30","D3","","","","",""
"167-LA6-G2+LA8-G2","Optativa","Finanzas Corporativas","","A(2014)","6","4","Regular","7","MEFI","Luis Armando","Luna Gamboa","Estadística","","","","25","","","25","13:00 - 15:00","CC1","","","13:00 - 15:00","CC3","","","","","","","","",""
"168-LA8","Optativa","Inteligencia de Negocios para la toma de decisiones ","","A(2014)","7","4","Regular","8","MEFI","Jesús Enrique","López Flores","Estadística","","","","25","","","25","15:00 - 17:00","CC8","","","15:00 - 17:00","CC8","","","","","","","","",""
"169-LM6+LM8","Optativa","Métodos Estadísticos para Machine Learning","","M(2011)","6","4.5","Ordinario","9","MEYA","José Luis","Batún Cutz","Estadística","","","","","","15","15","","","15:00 - 16:30","CC5","18:00 - 19:30","CC7","15:00 - 16:30","CC7","","","","","","",""
"170-LA8","Optativa","Storytelling con Datos","","A(2014)","7","4","Regular","8","MEFI","Jorge Miguel","Guzmán Arjona","Estadística","","","","20","","","20","","","","","","","15:00 - 17:00","CC6","13:00 - 15:00","CC2","","","","",""
"173-MEFI1-G2","Obligatoria","Geometría Analítica I","","MEFI","1","4","Regular/Acompañamiento","8","MEFI","Miguel Ángel","Can Ek","Geometría Diferencial, Sistemas Dinámicos y Aplicaciones","","","","","","","40","13:30 - 15:30","H1","","","","","13:30 - 15:30","C8","","","","","","",""
"173-MEFI1-G1","Obligatoria","Geometría Analítica I","","MEFI","1","4","Regular","8","MEFI","Pablo Agustín","Vázquez Montejo","Geometría Diferencial, Sistemas Dinámicos y Aplicaciones","","","","","","","40","13:30 - 15:30","H8","","","","","13:30 - 15:30","C4","","","","","","",""
"175-LEM2","Obligatoria","Geometría Analítica II","","E(2013)","2","4","Regular","8","MEFI","Juan Pablo","Navarrete Carrillo","Geometría Diferencial, Sistemas Dinámicos y Aplicaciones","","","","","40","","40","07:30 - 09:30","D1","","","","","07:30 - 09:30","C4","","","","","","",""
"176-LM4","Obligatoria","Geometría Diferencial","","M(2024)","4","4.5","Regular","8","MEFI 2","Juan Pablo","Navarrete Carrillo","Geometría Diferencial, Sistemas Dinámicos y Aplicaciones","","","","","","20","20","","","12:00 - 13:30","H2","","","12:00 - 13:30","H2","12:00 - 13:30","D2","","","","",""
"177-LEM1-Acompañamiento","Obligatoria","Geometría Euclidiana","","E(2013)","1","2","Acompañamiento","8","MEFI","María del Pilar","Rosado Ocaña","Geometría Diferencial, Sistemas Dinámicos y Aplicaciones","","","","","10","","10","","","12:00 - 14:00","H3","","","","","","","","","","",""
"178-LM8","Obligatoria","Topología","","M(2011)","8","4.5","Ordinario","9","MEYA","Waldemar del Jesús","Barrera Vargas","Geometría Diferencial, Sistemas Dinámicos y Aplicaciones","","","","","","20","20","","","13:30 - 15:00","C10","","","18:00 - 19:30","D2","14:00 - 15:30","H4","","","","",""
"179-LM6-G1+LM8-G1","Optativa","Cálculo en Variedades","","M(2011)","6","4.5","Ordinario","9","MEYA","José Matías","Navarro Soza","Geometría Diferencial, Sistemas Dinámicos y Aplicaciones","","","","","","30","30","15:30 - 17:00","C9","","","15:00 - 16:30","C10","","","16:00 - 17:30","H2","","","","",""
"180-LM4-G4","Optativa","Sistemas Dinámicos Discretos","","M(2011)-M(2024)","4","4.5","Ordinario","9","MEYA","Waldemar del Jesús","Barrera Vargas","Geometría Diferencial, Sistemas Dinámicos y Aplicaciones","","","","","","30","30","07:30 - 09:00","C1","10:30 - 12:00","H7","","","10:30 - 12:00","C10","","","","","","",""
"181-LIS8-G1","Obligatoria","Administración de Proyectos I","1","IS(2016)","8","4.5","Regular","7","MEFI","Julio César","Díaz Mendoza","Ingeniería de Software/Tecn.para la Formación en IS","","","35","","","","35","","","14:00 - 15:30","H8","15:30 - 17:00","H8","12:00 - 13:30","D3","","","","","","",""
"181-LIS8-G2","Obligatoria","Administración de Proyectos I","2","IS(2016)","8","4.5","Regular","7","MEFI","Carlos Benito","Mojica Ruíz","Ingeniería de Software/Tecn.para la Formación en IS","","","35","","","","35","17:00 - 18:30","C8","19:00 - 20:30","H2","","","","","19:00 - 20:30","D3","","","","",""
"183-LCC6","Obligatoria","Análisis y Diseño de Software","","CC(2016)","6","4.5","Regular","7","MEFI","María Enriqueta","Castellanos Bolaños","Ingeniería de Software/Tecn.para la Formación en IS","","30","","","","","30","12:00 - 13:30","H7","12:00 - 13:30","CC4","","","","","16:30 - 18:00","CC8","","","","",""
"184-LIS5-Acompañamiento","Obligatoria","Arquitecturas de Software","","IS(2016)","5","2.5","Acompañamiento","7","MEFI","Víctor Hugo","Menéndez Domínguez","Ingeniería de Software/Tecn.para la Formación en IS","","","10","","","","10","","","","","","","","","11:00 - 13:30","CC6","","","","",""
"185-LIS6-G1","Obligatoria","Aseguramiento de la calidad del Software","1","IS(2016)","6","4.5","Regular","7","MEFI","Antonio Armando","Aguileta Güemez","Ingeniería de Software/Tecn.para la Formación en IS","","","40","","","","40","12:00 - 13:30","D2","13:30 - 15:00","C9","","","12:00 - 13:30","C4","","","","","","",""
"185-LIS6-G2","Obligatoria","Aseguramiento de la calidad del Software","2","IS(2016)","6","4.5","Regular","7","MEFI","Edwin Jesús","León Bojórquez","Ingeniería de Software/Tecn.para la Formación en IS","","","40","","","","40","12:00 - 13:30","H2","13:30 - 15:00","C7","","","12:00 - 13:30","H7","","","","","","",""
"187-LIS5-Acompañamiento","Obligatoria","Construcción de Software","","IS(2016)","5","2.5","Acompañamiento","7","MEFI","Edwin Jesús","León Bojórquez","Ingeniería de Software/Tecn.para la Formación en IS","","","15","","","","15","","","","","","","","","07:30 - 10:00","D4","","","","",""
"188-LIS5-Acompañamiento","Obligatoria","Desarrollo de Aplicaciones Web","","IS(2016)","5","2.5","Acompañamiento","7","MEFI","María Enriqueta","Castellanos Bolaños","Ingeniería de Software/Tecn.para la Formación en IS","","","15","","","","15","","","","","","","07:30 - 10:00","CC2","","","","","","",""
"190-LIC4","Obligatoria","Desarrollo de Software a Pequeña Escala","","IC(2013)","4","4.5","Regular","8","MEFI","Daniel","G. Cantón Puerto","Ingeniería de Software/Tecn.para la Formación en IS","36","","","","","","36","09:30 - 11:00","C7","07:30 - 09:00","CC3","","","09:00 - 10:30","C10","","","","","","",""
"191-LIS5-Acompañamiento","Obligatoria","Diseño de Bases de Datos","","IS(2016)","5","2.5","Acompañamiento","7","MEFI","Julio César","Díaz Mendoza","Ingeniería de Software/Tecn.para la Formación en IS","","","10","","","","10","","","09:00 - 11:30","CC6","","","","","","","","","","",""
"192-LIS4-G2","Obligatoria","Diseño de Software","2","IS(2016)","4","4.5","Regular","7","MEFI","Edgar Antonio","Cambranes Martínez","Ingeniería de Software/Tecn.para la Formación en IS","","","35","","","","35","11:30 - 13:00","CC4","","","09:30 - 11:00","CC8","13:00 - 14:30","CC8","","","","","","",""
"192-LIS4-G3","Obligatoria","Diseño de Software","3","IS(2016)","4","4.5","Regular","7","MEFI","José Luis","López Martínez","Ingeniería de Software/Tecn.para la Formación en IS","","","35","","","","35","11:30 - 13:00","CC1","","","09:30 - 11:00","CC1","13:00 - 14:30","CC4","","","","","","",""
"192-LIS4-G1","Obligatoria","Diseño de Software","1","IS(2016)","4","4.5","Regular","7","MEFI","Juan Pablo","Ucán Pech","Ingeniería de Software/Tecn.para la Formación en IS","","","35","","","","35","11:30 - 13:00","CC3","","","09:30 - 11:00","CC3","13:00 - 14:30","CC3","","","","","","",""
"195-LIS7-Acompañamiento","Obligatoria","Experimentación en Ingeniería de Software","","IS(2016)","7","2.5","Acompañamiento","7","MEFI","Raúl Antonio","Aguilar Vera","Ingeniería de Software/Tecn.para la Formación en IS","","","15","","","","15","","","08:00 - 10:30","CC2","","","","","","","","","","",""
"196-LIS1-Acompañamiento","Obligatoria","Fundamentos de Ingeniería de Software","","IS(2016)","1","2","Acompañamiento","6","MEFI","Leidy Ofelia","Caballero Chi","Ingeniería de Software/Tecn.para la Formación en IS","","","20","","","","20","","","","","","","","","16:30 - 18:30","C3","","","","",""
"197-LIC1-Acompañamiento","Obligatoria","Fundamentos de Programación","","IC(2013)","1","4.5","Regular/Acompañamiento","8","MEFI","Alejandro","Pasos Ruíz","Ingeniería de Software/Tecn.para la Formación en IS","30","","","","","","35","","","13:30 - 15:00","CC8","13:30 - 15:00","CC8","","","13:30 - 15:00","CC8","","","","",""
"199-LCC8","Obligatoria","Gestión de Tecnologías de la Información","","CC(2016)","8","2","Regular","6","MEFI","Emilio Gabriel","Rejón Herrera","Ingeniería de Software/Tecn.para la Formación en IS","","20","","","","","20","17:00 - 19:00","CC5","12:30 - 14:30","CC1","","","","","","","","","","",""
"200-LIS7-Acompañamiento","Obligatoria","Innovación Tecnológica","","IS(2016)","7","2","Acompañamiento","6","MEFI","Emilio Gabriel","Rejón Herrera","Ingeniería de Software/Tecn.para la Formación en IS","","","10","","","","10","","","","","","","11:00 - 13:00","Cubículo","","","","","","",""
"201-LIS6-G1","Obligatoria","Interacción Humano Computadora","1","IS(2016)","6","4.5","Regular","7","MEFI","Edgar Antonio","Cambranes Martínez","Ingeniería de Software/Tecn.para la Formación en IS","","","40","","","","40","17:30 - 19:00","H6","12:00 - 13:30","C4","","","15:30 - 17:00","H1","","","","","","",""
"201-LIS6-G2","Obligatoria","Interacción Humano Computadora","2","IS(2016)","6","4.5","Regular","7","MEFI","Víctor Hugo","Menéndez Domínguez","Ingeniería de Software/Tecn.para la Formación en IS","","","40","","","","40","17:30 - 19:00","C4","12:00 - 13:30","C10","","","15:30 - 17:00","H6","","","","","","",""
"204-LIS8-G1","Obligatoria","Mantenimiento de Software","1","IS(2016)","8","4.5","Regular","7","MEFI","Antonio Armando","Aguileta Güemez","Ingeniería de Software/Tecn.para la Formación en IS","","","38","","","","38","","","17:30 - 19:00","D3","","","16:00 - 17:30","C3","17:00 - 18:30","CC1","","","","",""
"204-LIS8-G2","Obligatoria","Mantenimiento de Software","2","IS(2016)","8","4.5","Regular","7","MEFI","Edwin Jesús","León Bojórquez","Ingeniería de Software/Tecn.para la Formación en IS","","","38","","","","38","","","17:30 - 19:00","H7","","","16:00 - 17:30","H4","17:00 - 18:30","CC3","","","","",""
"208-LIS6-G1","Obligatoria","Métricas de Software","1","IS(2016)","6","4.5","Regular","7","MEFI","María Enriqueta","Castellanos Bolaños","Ingeniería de Software/Tecn.para la Formación en IS","","","40","","","","40","","","15:00 - 16:30","CC4","","","13:30 - 15:00","C7","13:30 - 15:00","C7","","","","",""
"208-LIS6-G2+LIS6-G3+LIS6-G4+LIS6-G5+LIS6-G6+LIS6-G7+LIS6-G8","Obligatoria","Métricas de Software","2","IS(2016)","6","4.5","3","7","MEFI","Edwin Jesús","León Bojórquez","Ingeniería de Software/Tecn.para la Formación en IS","","","40","","","","40","","","15:00 - 16:30","CC8","","","13:30 - 15:00","F3","13:30 - 15:00","D2","","","","",""
"211-","Obligatoria","Prácticas Profesionales","","IS(2016)","8","1.5","Regular","8","MEFI","Luis Ramiro","Basto Díaz","Coord. LIS","","","45","","","","45","","","","","11:00 - 12:30","Cubículo","","","","","","","","",""
"212-LIC2-G1","Obligatoria","Programación","1","IC(2013)","2","4.5","Regular","8","MEFI","Irwing Aarón","Cifuentes González","Ingeniería de Software/Tecn.para la Formación en IS","36","","","","","","36","07:30 - 09:00","CC3","","","","","07:30 - 09:00","CC3","11:30 - 13:00","CC3","","","","",""
"212-LIC2-G2","Obligatoria","Programación","2","IC(2013)","2","4.5","Regular","8","MEFI","Víctor Emanuel","Uc Cetina","Ingeniería de Software/Tecn.para la Formación en IS","36","","","","","","36","07:30 - 09:00","CC1","","","","","07:30 - 09:00","CC1","11:30 - 13:00","CC1","","","","",""
"214-LA5-Acompañamiento","Obligatoria","Programación","","A(2014)","5","1.5","Acompañamiento","6","MEFI","Carlos Benito","Mojica Ruiz","Ingeniería de Software/Tecn.para la Formación en IS","","","","15","","","15","","","17:00 - 18:30","CC2","","","","","","","","","","",""
"215-LM2","Obligatoria","Programación","","M(2024)","2","5","Regular/Recursamiento","7","MEFI","Naomi Alexandra ","Martínez Ku","Ingeniería de Software/Tecn.para la Formación en IS","","","","","","40","40","","","07:30 - 09:00","CC1","07:30 - 09:30","CC1","","","07:30 - 09:00","CC1","","","","",""
"216-LEM4","Obligatoria","Programación Específica","","E(2013)","4","4","Regular","7","MEFI","Roberto ","Balcázar Araiza","Ingeniería de Software/Tecn.para la Formación en IS","","","","","25","","25","","","","","","","07:30 - 09:30","CC8","07:30 - 09:30","CC8","","","","",""
"217-LCC2","Obligatoria","Programación Estructurada","1","CC(2016)","2","4","Regular","7","MEFI","Emilio Gabriel","Rejón Herrera","Ingeniería de Software/Tecn.para la Formación en IS","","35","","","","","35","07:30 - 09:30","CC4","","","","","","","07:30 - 09:30","CC4","","","","",""
"218-LIS2-G1","Obligatoria","Programación Estructurada","2","IS(2016)","2","4","Regular","7","MEFI","María Enriqueta","Castellanos Bolaños","Ingeniería de Software/Tecn.para la Formación en IS","","","35","","","","35","09:30 - 11:30","CC8","","","","","","","09:30 - 11:30","CC1","","","","",""
"218-LIS2-G4","Obligatoria","Programación Estructurada","5","IS(2016)","2","4","Regular","7","MEFI","Julio César","Díaz Mendoza","Ingeniería de Software/Tecn.para la Formación en IS","","","35","","","","35","09:30 - 11:30","CC1","","","","","","","09:30 - 11:30","CC4","","","","",""
"218-LIS2-G2","Obligatoria","Programación Estructurada","3","IS(2016)","2","4","Regular","7","MEFI","Emilio Gabriel","Rejón Herrera","Ingeniería de Software/Tecn.para la Formación en IS","","","35","","","","35","09:30 - 11:30","CC3","","","","","","","09:30 - 11:30","CC3","","","","",""
"218-LIS2-G3","Obligatoria","Programación Estructurada","4","IS(2016)","2","4","Regular","7","MEFI","Juan Pablo","Ucán Pech","Ingeniería de Software/Tecn.para la Formación en IS","","","35","","","","35","09:30 - 11:30","CC4","","","","","","","09:30 - 11:30","CC8","","","","",""
"222-LCC4","Obligatoria","Programación Orientada a Objetos","","CC(2016)","4","4.5","Regular","8","MEFI","Alejandro","Pasos Ruíz","Ingeniería de Software/Tecn.para la Formación en IS","","30","","","","","30","","","","","08:00 - 09:30","CC4","09:00 - 10:30","CC3","07:30 - 09:00","CC3","","","","",""
"223-LIS3-Acompañamiento","Obligatoria","Programación Orientada a Objetos","","IS(2016)","3","2.5","Acompañamiento","8","MEFI","Juan Pablo","Ucán Pech","Ingeniería de Software/Tecn.para la Formación en IS","","","15","","","","15","15:30 - 18:00","CC2","","","","","","","","","","","","",""
"224-LIS6-G1","Obligatoria","Requisitos de Software","1","IS(2016)","6","4.5","Regular","7","MEFI","Raúl Antonio","Aguilar Vera","Ingeniería de Software/Tecn.para la Formación en IS","","","38","","","","38","","","","","17:00 - 18:30","D2","17:00 - 18:30","H1","17:30 - 19:00","C10","","","","",""
"224-LIS6-G2","Obligatoria","Requisitos de Software","2","IS(2016)","6","4.5","Regular","7","MEFI","Carlos Benito","Mojica Ruíz","Ingeniería de Software/Tecn.para la Formación en IS","","","38","","","","38","","","","","17:00 - 18:30","H4","17:30 - 19:00","D4","17:00 - 18:30","H8","","","","",""
"226-","Obligatoria","Servicio Social","","IS(2016)","8","1.5","Regular","12","MEFI","Luis Ramiro","Basto Díaz","Coord. LIS","","","45","","","","45","","","","","","","13:30 - 15:00","Cubículo","","","","","","",""
"227-LIS7-Acompañamiento","Obligatoria","Verificación y Validación de Software","","IS(2016)","7","2","Acompañamiento","6","MEFI","René Humberto","Moreno Acevedo","Ingeniería de Software/Tecn.para la Formación en IS","","","10","","","","10","","","","","15:00 - 17:00","CC6","","","","","","","","",""
"228-LCC6-G4+LCC8-G4+LIS6-G4+LIS8-G4","Optativa","Optimización de Aplicaciones Web","","CC(2016)-IS(2016)","6","4","Regular","9","MEFI","Víctor Hugo","Menéndez Domínguez","Ingeniería de Software/Tecn.para la Formación en IS","","5","20","","","","25","13:30 - 15:30","CC4","","","13:00 - 15:00","CC4","","","","","","","","",""
"229-LCC6-G5+LCC8-G5+LIS6-G5+LIS8-G5","Optativa","Reconocimiento de la Actividad Humana Basada en la Fusión de Datos con Python","","CC(2016)-IS(2016)","5,6","4","Regular","9","MEFI","Antonio Armando","Aguileta Güemez","Ingeniería de Software/Tecn.para la Formación en IS","","5","15","","","","20","13:30 - 15:30","CC7","","","18:30 - 20:30","CC2","","","","","","","","",""
"230-LCC6-G8+LCC8-G8+LIS6-G8+LIS8-G8","Optativa","Sistemas de recomendación de información","","CC(2016)-IS(2016)","6","4","Regular","9","MEFI","Víctor Hugo","Menéndez Domínguez","Ingeniería de Software/Tecn.para la Formación en IS","","5","20","","","","25","","","17:00 - 19:00","CC4","15:00 - 17:00","CC4","","","","","","","","",""
"234-LCC2","Obligatoria","Cultura Maya","1","CC(2016)","2","3","Regular","6","MEFI","","Virtual autogestiva","Institucional","","30","","","","","30","","Asíncrona","","","","","","","","","","","","",""
"234-LA2","Obligatoria","Cultura Maya","2","A(2014)","2","3","Regular","6","MEFI","","Virtual autogestiva","Institucional","","","","134","","","134","","Asíncrona","","","","","","","","","","","","",""
"234-LIC2","Obligatoria","Cultura Maya","3","IC(2013)","2","3","Regular","6","MEFI","","Virtual autogestiva","Institucional","50","","","","","","50","","Asíncrona","","","","","","","","","","","","",""
"234-LEM2","Obligatoria","Cultura Maya","4","E(2013)","2","3","Regular","6","MEFI","","Virtual autogestiva","Institucional","","","","","35","","35","","Asíncrona","","","","","","","","","","","","",""
"238-LIS2","Obligatoria","Cultura Maya","5","IS(2016)","2","3","Regular","6","MEFI","","Virtual autogestiva","Institucional","","","150","","","","150","","Asíncrona","","","","","","","","","","","","",""
"239-LM2","Obligatoria","Cultura Maya","","M(2024)","2","2","Regular/Recursamiento","4","MEFI","","Virtual autogestiva","Institucional","","","","","","40","40","","Asíncrona","","","","","","","","","","","","",""
"240-LIS6-G1+LIS6-G2+LIS6-G3+LIS6-G4+LCC6-G1+LCC6-G2+LCC6-G3+LCC6-G4+LIC8-G1+LIC8-G2+LIC8-G3","Obligatoria","Desarrollo de Emprendedores/Taller de Emprendedores","1","E(2013)-IC(2013)-IS(2016)-CC(2016)","8,9,6,6","3","Regular","6","MEFI","René Humberto","Moreno Acevedo","Institucional","4","5","20","","13","","42","15:30 - 17:00","H3","","","","","","","15:00 - 16:30","H7","","","","",""
"240-LEM8+LCC6-G5+LCC6-G6+LCC6-G7+LCC6-G8+LIS6-G5+LIS6-G6+LIS6-G7+LIS6-G8+LIC8-G4+LIC8-G5+LIC8-G6","Obligatoria","Desarrollo de Emprendedores/Taller de Emprendedores","2","E(2013)-IC(2013)-IS(2016)-CC(2016)","8,9,6,6","3","Regular","6","MEFI","René Humberto","Moreno Acevedo","Institucional","4","5","20","","13","","42","17:00 - 18:30","D1","","","","","17:00 - 18:30","C10","","","","","","",""
"242-LA1+LCC1+LEM1+LIC1+LIS1++Acompañamiento","Obligatoria","Responsabilidad Social Universitaria","","MEFI","1","1.5","Acompañamiento","6","MEFI","","Virtual autogestiva","Institucional","5","3","","","","","20","","Asíncrona","","","","","","","","","","","","",""
"244-LIC8","Obligatoria","Control Digital","","IC(2013)","8","4.5","Regular","8","MEFI","Arturo","Espinosa Romero","Modelado y Simulación Computacional de Sistemas Físicos","20","","","","","","20","12:30 - 14:00","CC5","","","","","15:00 - 16:30","CC5","12:00 - 13:30","Laboratorio de electrónica","","","","",""
"245-LIC1-Acompañamiento","Obligatoria","Desarrollo de Prototipos","","IC(2013)","1","3","Acompañamiento","8","MEFI","Anabel","Martín González","Modelado y Simulación Computacional de Sistemas Físicos","15","","","","","","15","","","","","15:30 - 17:00","Laboratorio de robótica","13:30 - 15:00","Laboratorio de robótica","","","","","","",""
"246-LCC3-Acompañamiento+LIC3-Acompañamiento","Obligatoria","Estructuras de Datos","","CC(2016)-IC(2013)","3","2.5","Acompañamiento","8","MEFI","Arturo","Espinosa Romero","Modelado y Simulación Computacional de Sistemas Físicos","10","5","","","","","20","14:00 - 16:30","C2","","","","","","","","","","","","",""
"248-LIC8","Obligatoria","Sistemas de Comunicación","","IC(2013)","8","3","Regular","8","MEFI","Francisco ","Heredia López","Modelado y Simulación Computacional de Sistemas Físicos","20","","","","","","20","","","12:30 - 14:00 
15:00 - 16:30","Laboratorio de electrónica
Laboratorio de robótica","","","","","17:00 - 18:30","Laboratorio de electrónica","","","","",""
"249-LIC5-Acompañamiento","Obligatoria","Sistemas Digitales I","","IC(2013)","5","2.5","Acompañamiento","8","MEFI","Irwing Aarón","Cifuentes González","Modelado y Simulación Computacional de Sistemas Físicos","10","","","","","","10","09:30 - 12:00","Laboratorio de electrónica","","","","","","","","","","","","",""
"250-LCC4-G2+LIC4-G2","Optativa","Introducción a la programación con Julia","","CC(2016)-IS(2016)-IC(2013)","4,6,4","4","Regular","8","MEFI","Ricardo","Legarda Sáenz","Modelado y Simulación Computacional de Sistemas Físicos","10","10","15","","","","35","","","09:00 - 11:00","CC4","","","","","12:00 - 14:00","CC4","","","","",""
"252-LCC1-Acompañamiento+LIS1-Acompañamiento","Obligatoria","Algoritmia","","CC(2016)-IS(2016)","1","2.5","Acompañamiento","7","MEFI","Francisco José","Moo Mena","Tecnologías Emergentes en Computación","","10","10","","","","20","","","","","14:30 - 17:00","CC2","","","","","","","","",""
"253-LCC4","Obligatoria","Análisis de Algoritmos","","CC(2016)","4","4","Regular","6","MEFI","Francisco Alejandro","Madera Ramírez","Tecnologías Emergentes en Computación","","40","","","","","40","09:00 - 11:00","C8","","","","","","","10:00 - 12:00","C1","","","","",""
"254-LCC6","Obligatoria","Compiladores","","CC(2016)","6","4.5","Regular","7","MEFI","Francisco Alejandro","Madera Ramírez","Tecnologías Emergentes en Computación","","30","","","","","30","","","13:30 - 15:00","CC4","17:00 - 18:30","CC3","13:30 - 15:00","CC1","","","","","","",""
"255-LCC8","Obligatoria","Cómputo Científico","","CC(2016)","8","4.5","Regular","7","MEFI","Ricardo","Legarda Sáenz","Tecnologías Emergentes en Computación","","20","","","","","20","12:00 - 13:30","CC2","","","","","12:30 - 14:00","CC2","17:00 - 18:30","CC4","","","","",""
"256-LIS4-G3","Obligatoria","Estructuras de Datos","3","IS(2016)","4","4.5","Regular","8","MEFI","Jorge Ricardo","Gómez Montalvo","Tecnologías Emergentes en Computación","","","38","","","","38","13:00 - 14:30","CC3","09:30 - 11:00","CC3","07:30 - 09:00","CC3","","","","","","","","",""
"256-LIS4-G1","Obligatoria","Estructuras de Datos","1","IS(2016)","4","4.5","Regular","8","MEFI","Jorge Carlos","Reyes Magaña","Tecnologías Emergentes en Computación","","","38","","","","38","08:00 - 09:30","CC8","07:30 - 09:00","CC8","","","10:00 - 11:30","CC8","","","","","","",""
"256-LIS4-G2","Obligatoria","Estructuras de Datos","2","IS(2016)","4","4.5","Regular","8","MEFI","Jorge Carlos","Reyes Magaña","Tecnologías Emergentes en Computación","","","38","","","","38","13:00 - 14:30","CC8","09:30 - 11:00","CC8","07:30 - 09:00","CC8","","","","","","","","",""
"259-LCC9-Acompañamiento+LIC5-Acompañamiento","Obligatoria","Inteligencia Artificial","","IC(2013)-CC(2016)","5,9","2.5","Acompañamiento","8","MEFI","Anabel","Martín González","Tecnologías Emergentes en Computación","5","5","","","","","34","","","11:00 - 13:30","CC8","","","","","","","","","","",""
"260-LIC2-G2","Obligatoria","Matemáticas Discretas","2","IC(2013)","2","4.5","Regular","8","MEFI","Martín Leonel","Chi Pérez","Tecnologías Emergentes en Computación","30","","","","","","30","10:30 - 12:00","H2","11:30 - 13:00","D2","","","12:00 - 13:30","C8","","","","","","",""
"260-LIC2-G1","Obligatoria","Matemáticas Discretas","1","IC(2013)","2","4.5","Regular","8","MEFI","Jorge Carlos","Reyes Magaña","Tecnologías Emergentes en Computación","30","","","","","","30","10:30 - 12:00","C3","11:30 - 13:00","D4","","","12:00 - 13:30","C2","","","","","","",""
"261-LCC2","Obligatoria","Matemáticas Discretas","1","CC(2016)","2","4.5","Regular","7","MEFI","Jorge Alberto ","Ríos Martínez","Tecnologías Emergentes en Computación","","35","","","","","35","","","10:30 - 12:00","C9","09:30 - 11:00","D3","09:00 - 10:30","C2","","","","","","",""
"262-LIS2-G3","Obligatoria","Matemáticas Discretas","4","IS(2016)","2","4.5","Regular","7","MEFI","Daniel Fernando","Baas Colonia","Tecnologías Emergentes en Computación","","","45","","","","45","","","09:00 - 10:30","H4","07:30 - 09:00","H2","10:30 - 12:00","D1","","","","","","",""
"262-LIS2-G1","Obligatoria","Matemáticas Discretas","2","IS(2016)","2","4.5","Regular","7","MEFI","Luis Fernando ","Curi Quintal","Tecnologías Emergentes en Computación","","","45","","","","45","","","09:00 - 10:30","D4","07:30 - 09:00","D1","10:30 - 12:00","H7","","","","","","",""
"262-LIS2-G2","Obligatoria","Matemáticas Discretas","3","IS(2016)","2","4.5","Regular","7","MEFI","Joel","Trejo Sánchez","Tecnologías Emergentes en Computación","","","45","","","","","","","09:00 - 10:30","C2","07:30 - 09:00","C2","10:30 - 12:00","D4","","","","","","",""
"266-","Obligatoria","Prácticas Profesionales","","CC(2016)","8","1.5","Regular","8","MEFI","Jorge Alberto ","Ríos Martínez","Tecnologías Emergentes en Computación","","12","","","","","12","","","","","11:00 - 12:30","Cubículo","","","","","","","","",""
"267-LCC8","Obligatoria","Redes de Computadoras","","CC(2016)","8","4.5","Regular","7","MEFI","Enrique ","Ayala Franco","Tecnologías Emergentes en Computación","","15","","","","","15","","","14:30 - 16:00","Laboratorio de redes","","","16:00 - 17:30","Laboratorio de redes","13:00 - 14:30","Laboratorio de redes","","","","",""
"268-LIC7-Acompañamiento","Obligatoria","Redes de Computadoras ","","IC(2013)","7","2.5","Acompañamiento","8","MEFI","Jorge Ricardo","Gómez Montalvo","Tecnologías Emergentes en Computación","10","","","","","","10","","","","","","","10:30 - 13:00","Laboratorio de redes","","","","","","",""
"270-","Obligatoria","Servicio Social","","CC(2016)","8","1.5","Regular","12","MEFI","Jorge Alberto ","Ríos Martínez","Tecnologías Emergentes en Computación","","20","","","","","20","","","","","","","13:30 - 15:00","Cubículo","","","","","","",""
"271-LCC8-G2+LIS8-G2","Obligatoria","Sistemas Distribuidos","2","IS(2016)-CC(2016)","8","4.5","Regular","7","MEFI","Enrique ","Ayala Franco","Tecnologías Emergentes en Computación","","6","25","","","","31","15:30 - 17:00","CC3","","","","","14:30 - 16:00","CC8","15:00 - 16:30","CC8","","","","",""
"271-LCC8-G1+LIS8-G1","Obligatoria","Sistemas Distribuidos","1","IS(2016)-CC(2016)","8","4.5","Regular","7","MEFI","Luis Fernando ","Curi Quintal","Tecnologías Emergentes en Computación","","6","26","","","","32","15:30 - 17:00","CC4","","","","","14:30 - 16:00","CC4","15:00 - 16:30","CC3","","","","",""
"271-LCC8-G3+LIS8-G3","Obligatoria","Sistemas Distribuidos","3","IS(2016)-CC(2016)","8","4.5","Regular","7","MEFI","Francisco José","Moo Mena","Tecnologías Emergentes en Computación","","6","25","","","","31","15:30 - 17:00","CC1","","","","","14:30 - 16:00","CC3","15:00 - 16:30","CC1","","","","",""
"274-LIS4-G1","Obligatoria","Sistemas Operativos","1","IS(2016)","4","4.5","Regular","7","MEFI","Martín Leonel","Chi Pérez","Tecnologías Emergentes en Computación","","","46","","","","46","","","13:00 - 14:30","D2","13:00 - 14:30","H4","","","12:00 - 13:30","H3","","","","",""
"274-LIS4-G2+LIS4-G3","Obligatoria","Sistemas Operativos","2","IS(2016)","4","4.5","Regular","7","MEFI","Jorge Ricardo","Gómez Montalvo","Tecnologías Emergentes en Computación","","","46","","","","46","","","11:00 - 12:30","H4","13:00 - 14:30","D2","","","11:30 - 13:00","H1","","","","",""
"277-LCC6","Obligatoria","Sistemas Operativos","","CC(2016)","6","3","Regular","7","MEFI","Francisco José","Moo Mena","Tecnologías Emergentes en Computación","","30","","","","","30","","","","","","","12:00 - 13:30","CC1","12:00 - 13:30
13:30 - 15:00","CC8
H6","","","","",""
"278-LIC8","Obligatoria","Sistemas Operativos","","IC(2013)","8","4.5","Regular","8","MEFI","Martín Leonel","Chi Pérez","Tecnologías Emergentes en Computación","22","","","","","","22","","","","","17:30 - 19:00","CC5","13:30 - 15:00","CC6","13:30 - 15:00","CC5","","","","",""
"279-LCC3-Acompañamiento+LIS3-Acompañamiento","Obligatoria","Teoría de la Computación","","CC(2016)-IS(2016)-IC(2013)","3","2.5","Acompañamiento","8","MEFI","Francisco Alejandro","Madera Ramírez","Tecnologías Emergentes en Computación","10","5","10","","","","25","","","","","","","","","13:30 - 16:00","C3","","","","",""
"280-LIS4-G1","Obligatoria","Teoría de Lenguajes de Programación","1","IS(2016)","4","4","Regular","6","MEFI","Luis Fernando ","Curi Quintal","Tecnologías Emergentes en Computación","","","46","","","","46","09:30 - 11:30","H1","","","","","","","09:00 - 11:00","C10","","","","",""
"280-LIS4-G2+LIS4-G3","Obligatoria","Teoría de Lenguajes de Programación","2","IS(2016)","4","4","Regular","6","MEFI","Alejandro","Pasos Ruíz","Tecnologías Emergentes en Computación","","","46","","","","46","09:30 - 11:30","H4","","","","","","","09:00 - 11:00","H3","","","","",""
"282-LCC6-G7+LCC8-G7+LIS6-G7+LIS8-G7+LIC6-G5+LIC8-G5","Optativa","Fundamentos de Ciberseguridad","","CC(2016)-IS(2016)-IC(2013)","6","4.5","Regular","8","MEFI","Enrique ","Ayala Franco","Tecnologías Emergentes en Computación","7","12","6","","","","25","","","17:00 - 18:30","Laboratorio de redes","15:00 - 16:30","Laboratorio de redes","","","19:00 - 20:30","Laboratorio de redes","","","","",""
"283-LCC8-G1+LIS8-G1","Optativa","Introducción a la Ingeniería de Datos","","CC(2016)-IS(2016)","7","4","Regular","8","MEFI","Luis Ramiro/Jorge Carlos/Luis Fernando"," Basto Díaz/Reyes Magaña/Curi Quintal","Coordinación de LIS","","16","16","","","","32","","","","","17:00 - 19:00","CC4","18:00 - 20:00","CC4","","","","","","",""
"284-LIS6","Optativa","Introducción a la Programación Orientada a Objetos con Python","","IS(2016)","6","0","Regular","5","MEFI","Luis Ramiro ","Basto Díaz","Tecnologías Emergentes en Computación","","","40","","","","40","","Asíncronica","","","","","","","","","","","","",""
"286-LCC4-G3","Optativa","Modelado y Animación 3D","","CC(2016)-IS(2016)","4,6","4.5","Regular","8","MEFI","Francisco Alejandro ","Madera Ramírez","Tecnologías Emergentes en Computación","","10","10","","","","20","","","10:00 - 11:30","CC7","","","10:30 - 12:00","CC7","12:00 - 13:30","CC7","","","","",""
"287-LCC6-G7+LIS6-G7+LIC6-G5+LCC8-G7+LIS8-G7+LIC8-G5","Optativa","Programación de Robots Móviles","","CC(2016)-IS(2016)-IC(2013)","6","4.5","Regular","8","MEFI","Jorge Alberto ","Ríos Martínez","Tecnologías Emergentes en Computación","6","6","6","","","","18","14:00 - 15:30","CC2","18:30 - 20:00","CC2","13:00 - 14:30","CC2","","","","","","","","",""
"288-LCC6-G7+LCC8-G7+LIS6-G7+LIS8-G7+LIC6-G5+LIC8-G5","Optativa","CCNA Fundamentos de enrutadores y conmutadores","","CC(2016)-IS(2016)-IC(2013)","6","4.5","Regular","9","MEFI","Sergio Antonio","Cervera Loeza","Coord. LCC","7","7","7","","","","21","19:00 - 20:30","Laboratorio de redes","","","19:00 - 20:30","Laboratorio de redes","19:00 - 20:30","Laboratorio de redes","","","","","","",""
"400-MME1","Obligatoria","Técnicas de muestro","","MME","2","4","Ordinario","","MEFI","Ernesto Antonio","Guerrero Lara","","","","","","","","12","","","17:00 - 19:00","C5","","","17:00 - 19:00","C5","","","","","","",""
"401-MME1","Obligatoria","Regresión lineal","","MME","2","4","Ordinario","","MEFI","Jorge Armando  ","Argáez Sosa","","","","","","","","12","17:00 - 19:00","C5","19:00 - 21:00","C5","","","","","","","","","","",""
"402-MME1","Optativa","Estadística no Paramétrica y Datos Categóricos","","MME","2","3","Ordinario","","MEFI","Salvador","Medina Peralta","","","","","","","","12","19:00 - 21:00","C5","","","","","19:00 - 21:00","C5","","","","","","",""
"403-Prope1","Prope","Matemáticas","","MME","","4","","","","Salvador","Díaz Serrano","","","","","","","","","","","19:00 - 21:00","V. Síncrona","19:00 - 21:00","V. Síncrona","","","19:00 - 21:00","V. Síncrona","","","","",""
"404-Prope1","Prope","Probabilidad y Estadística","","MME","","4","","","","María Dolores","Matus Basto","","","","","","","","","","","17:30 - 19:00","V. Síncrona","17:30 - 19:00","V. Síncrona","","","17:30 - 19:00","V. Síncrona","","","","",""
"405-MCM4","Optativa","Cuantificación de la Incertidumbre","","MCM","4","4","Regular","","MEFI","Eric José","Ávila Vales","","","","","","","","12","09:30 - 11:30","C5","","","","","09:00 - 11:00","C7","","","","","","",""
"406-MCM4","Optativa","Introducción al Cálculo Estocástico","","MCM","4","4","Regular","","MEFI","Henry ","Pantí Trejo","","","","","","","","12","","","","","08:30 - 10:30","C5","","","10:00 - 12:00","C5","","","","",""
"407-MCM4","Optativa","Geometría Hiperbólica Compleja","","MCM","4","4","Regular","","MEFI","Juan Pablo","Navarrete Carrillo","","","","","","","","12","","","07:30 - 09:30","C5","","","","","08:00 - 10:00","C5","","","","",""
"408-MCM4","Optativa","Teoría Geométrica de Grupos","","MCM","4","4","Regular","","MEFI","Waldemar","Barrera Vargas","","","","","","","","","","Cubículo","","","","","","","","","","","","",""
"409-MCM4","Optativa","Campos de Funciones Globales","","MCM","4","4","Regular","","MEFI","Javier ","Díaz Vargas","","","","","","","","","","","11:30 - 13:30","F3","","","11:00 - 13:00","C7","","","","","","",""
"410-MCM4","Optativa","Teoría de Anillos","","MCM","4","4","Regular","","MEFI","Efrén","Pérez Terrazas","","","","","","","","12","11:30 - 13:30","C5","09:30 - 11:30","C5","","","","","","","","","","",""
"411-MCM2","Optativa","Representaciones de Grupos","","MCM","2","4","","","","Efrén","Pérez Terrazas","","","","","","","","12","","","","","","","10:00 - 12:00","C5","13:00 - 15:00","C5","","","","",""
"412-MCM2","Optativa","Curvas Elípticas","","MCM","2","4","","","","Víctor","Bautista Ancona","","","","","","","","12","","","12:00 - 14:00","C5","","","12:00 - 14:00","C5","","","","","","",""
"413-MCM2","Optativa","Criptografía Computacional","","MCM","2","4","","","","Carlos","Brito Loeza","","","","","","","","12","07:30 - 09:30","C5","","","","","07:30 - 09:30","C5","","","","","","",""
"414-MCM2","Optativa","Teoría de Galois","","MCM","2","4","","","","José Alejandro","Lara Rodríguez","","","","","","","","12","15:00 - 17:00","C5","","","","","","","15:00 - 17:00","C5","","","","",""
"415-EE+MCM2+MCC+MME+MCS+DCM","Obligatoria","Seminario de Tesis I (Evelyn Alicia Ara Heredia)","","MCM","2","4","","","","Brito Loeza Carlos Francisco","Bautista Ancona Víctor Manuel","","","","","","","","","","Cubículo","","","","","","","","","","","","",""
"416-EE+MCM2+MCC+MME+MCS+DCM","Obligatoria","Seminario de Tesis I (Victor Daniel King Sánchez)","","MCM","2","4","","","","Jesús Efrén","Pérez Terrazas","","","","","","","","","","Cubículo","","","","","","","","","","","","",""
"417-EE+MCM2+MCC+MME+MCS+DCM","Obligatoria","Seminario de Tesis I (Alfonso Abraham Ávila Palma)","","MCM","2","4","","","","José Alejandro","Lara Rodríguez","","","","","","","","","","Cubículo","","","","","","","","","","","","",""
"418-EE+MCM2+MCC+MME+MCS+DCM","Obligatoria","Seminario de Tesis I  (Haverth Jesús Zapata Ruiz)","","MCM","2","","","","","Navarrete Carrillo Juan Pablo","Barrera Vargas Waldemar del Jesús","","","","","","","","","","Cubículo","","","","","","","","","","","","",""
"419-EE+MCM3+MCC+MME+MCS+DCM","Obligatoria","Seminario de Tesis III (Elías Canche Estrella)","","MCM","3","4","Regular","","MEFI","Henry","Pantí Trejo","","","","","","","","","","Cubículo","","","","","","","","","","","","",""
"420-MCM2","Obligatoria","Seminario de Tesis III (Salvador Díaz Serrano)","","MCM","4","4","Regular","","MEFI","Argáez Sosa Jorge Armando","Medina Peralta Salvador","","","","","","","","12","","","09:30 - 11:30","F3","13:00 - 15:00","C5","","","","","","","","",""
"421-EE+MCM3+MCC+MME+MCS+DCM","Obligatoria","Seminario de Tesis III (Juan Escamilla Flores)","","MCM","3","4","Regular","","MEFI","Javier Arturo Díaz Vargas","Lara Rodríguez José Alejandro","","","","","","","","","","Cubículo","","","","","","","","","","","","",""
"422-EE+MCM3+MCC+MME+MCS+DCM","Obligatoria","Seminario de Tesis III (José Muñoz Cetina)","","MCM","3","4","Regular","","MEFI","Eric José","Ávila Vales","","","","","","","","","","Cubículo","","","","","","","","","","","","",""
"423-EE+MCM+MCC+MME+MCS+DCM","Optativa","Tópicos de informática educativa (Sebastian Meléndez Zorrilla)","","MCC","","4","","","","Raúl Antonio ","Aguilar Vera","","","","","","","","","","Cubículo","","","","","","","","","","","","",""
"424-EE+MCM+MCC+MME+MCS+DCM","Optativa","Ingeniería de software (Sebastian Meléndez Zorrilla)","","MCC","","4","","","","Julio César ","Díaz Mendoza","","","","","","","","","","Cubículo","","","","","","","","","","","","",""
"425-MCC2","Optativa","Desarrollo Web con Frameworks (Sebastian Meléndez Zorrilla)","","MCC","","4","","","","Juan Pablo","Ucán Pech","","","","","","","","12","","","13:30 - 15:30","CC2","","","","","15:00 - 17:00","CC2","","","","",""
"426-EE+MCM+MCC+MME+MCS+DCM","Optativa","Experimentación Científica en Ingeniería de Software(Leonardo  Espinoza Arévalo)","","MCC","","4","","","","Raúl Antonio","Aguilar Vera","","","","","","","","","","Cubículo","","","","","","","","","","","","",""
"427-EE+MCM+MCC+MME+MCS+DCM","Optativa","Procesamiento de Señales (Williams)","","MCC","","4","","","","Murrieta Hernández Gabriel","Aguileta Güemez Antonio Armando","","","","","","","","","","Cubículo","","","","","","","","","","","","",""
"428-MCC2","Optativa","Redes Neuronales Convolucionales","","MCC","","4","","","","Anabel","Martín González","","","","","","","","12","","","","","","","08:30 - 10:30","CC6","08:30 - 10:30","CC6","","","","",""
"429-MCC2","Optativa","Visión Computacional","","MCC","","4","","","","Arturo","Espinosa Romero","","","","","","","","12","08:30 - 10:30","CC5","07:30 - 09:30","CC5","","","","","","","","","","",""
"430-EE+MCM+MCC+MME+MCS+DCM","Obligatoria","Seminario de Investigación II (Amado Ignacio García Albert)","","MCC","","2","","","","Arturo","Espinosa Romero","","","","","","","","","","Cubículo","","","","","","","","","","","","",""
"431-EE+MCM+MCC+MME+MCS+DCM","Obligatoria","Seminario de Investigación II (Manuel Isaac González Chi)","","MCC","","2","","","","Uc Cetina Víctor Emanuel","Ríos Martínez Jorge Alberto","","","","","","","","","","Cubículo","","","","","","","","","","","","",""
"432-EE+MCM+MCC+MME+MCS+DCM","Obligatoria","Seminario de Investigación II (Hector Arturo Hernández Escalante)","","MCC","","2","","","","Victor Emanuel","Uc Cetina","","","","","","","","","","Cubículo","","","","","","","","","","","","",""
"433-EE+MCM+MCC+MME+MCS+DCM","Obligatoria","Seminario de Investigación II (William Felipe Cetina Pech)","","MCC","","2","","","","Antonio Armando","Aguileta Güemez","","","","","","","","","","Cubículo","","","","","","","","","","","","",""
"434-EE+MCM+MCC+MME+MCS+DCM","Obligatoria","Seminario de Investigación II (Sebastian Meléndez Zorrilla)","","MCC","","2","","","","Aguilar Vera Raúl Antonio","Ucán Pech Juan Pablo","","","","","","","","","","Cubículo","","","","","","","","","","","","",""
"435-EE+MCM+MCC3+MME+MCS+DCM","Obligatoria","Seminario de Investigación IV (Fátima Cocom)","","MCC","3","4","Ordinario","","MEyA","Gómez Montalvo Jorge Ricardo","Menéndez Domínguez Víctor Hugo","","","","","","","","","","Cubículo","","","","","","","","","","","","",""
"436-EE+MCM+MCC3+MME+MCS+DCM","Obligatoria","Seminario de Investigación IV (Leonardo Espinosa Arévalo)","","MCC","3","4","Ordinario","","MEyA","Aguilar Vera Raúl Antonio","Aguileta Güemez Antonio Armando","","","","","","","","","","Cubículo","","","","","","","","","","","","",""
"437-EE+MCM+MCC3+MME+MCS+DCM","Obligatoria","Seminario de Investigación IV (Moisés Medina Ramirez)","","MCC","3","4","Ordinario","","MEyA","Moo Mena Francisco José","Aguileta Güemez Antonio Armando","","","","","","","","","","Cubículo","","","","","","","","","","","","",""
"438-EE+MCM+MCC3+MME+MCS+DCM","Obligatoria","Seminario de Investigación IV (Yuniel Adrián Villar del Mazo)","","MCC","3","4","Ordinario","","MEyA","Bassam Alí","Martín González Anabel","","","","","","","","","","Cubículo","","","","","","","","","","","","",""
"439-EE+MCM+MCC+MME+MCS+DCM6","Obligatoria","Documentación de la Investigación (Xavier Sierra Canto)","","DCM","7","448","Regular","37","MEFI","Brito Loeza Carlos Francisco","Legarda Sáenz Ricardo","","","","","","","","","","Cubículo","","","","","","","","","","","","",""
"440-EE+MCM+MCC+MME+MCS+DCM6","Obligatoria","Documentación de la Investigación (Eduardo Camilo de los Reyes Hernández Mézquita)","","DCM","7","448","Regular","37","MEFI","Javier Arturo","Díaz Vargas","","","","","","","","","","Cubículo","","","","","","","","","","","","",""
"441-EE+MCM+MCC+MME+MCS+DCM5","Obligatoria","Seminario de Investigación VI (Carlos Felipe Ávila Cruz)","","DCM","6","448","Regular","40","MEFI","José Matías","Navarro Sosa","","","","","","","","","","Cubículo","","","","","","","","","","","","",""
"442-EE+MCM+MCC+MME+MCS+DCM3","Obligatoria","Seminario de Investigación IV (Vicente Alfonso Lizama Pool)","","DCM","4","448","Regular","40","MEFI","Brito Loeza Carlos Francisco","Legarda Sáenz Ricardo","","","","","","","","","","Cubículo","","","","","","","","","","","","",""
"443-EE+MCM+MCC+MME+MCS+DCM","Obligatoria","Seminario de Investigación III (Lucía Liliane Campa Cardeña)","","DCM","3","448","Regular","40","MEFI","Navarrete Carrillo Juan Pablo","Barrera Vargas Waldemar del Jesús","","","","","","","","","","Cubículo","","","","","","","","","","","","",""
"444-EE+MCM+MCC+MME+MCS+DCM","Obligatoria","Seminario de Investigación II (Luis Gustavo Pérez Reyes)","","DCM","2","448","Regular","40","MEFI","Henry Gaspar ","Pantí Trejo","","","","","","","","","","Cubículo","","","","","","","","","","","","",""
"445-EE+MCM+MCC+MME+MCS+DCM","Obligatoria","Seminario de Investigación I (Noé Guadalupe Chan Chí)","","DCM","1","448","Regular","40","MEFI","Eric José","Ávila Vales","","","","","","","","","","","","","","","","","","","","","","",""
"446-EE+MCM+MCC+MME+MCS+DCM","Obligatoria","Seminario de Investigación I ( Roberto Balcazar Araiza)","","DCM","1","448","Regular","40","MEFI","Matías","Navarro Soza","","","","","","","","","","","","","","","","","","","","","","",""
"447-EE+MCM+MCC+MME+MCS+DCM","Obligatoria","Seminario de Investigación I ( Gustavo Humberto Vargas de los Santos)","","DCM","1","448","Regular","40","MEFI","Waldemar del Jesús","Barrera Vargas","","","","","","","","","","","","","","","","","","","","","","",""
"500-PII1-G1","PII","Inglés","","PII","","3","","","","","","","","","","","","","","","","13:00 - 14:30","D3","","","13:00 - 14:30","C3","","","","","","",""
"500-PII1-G2","PII","Inglés","","PII","","3","","","","","","","","","","","","","","","","","","09:00 - 12:00","D2","","","","","","","","",""
"600-Libre-FMAT-MEFI","Libre","Manejo y Control de las Emociones","","LIbre FMAT","","3.5","Regular","6","MEFI","Laura Carolina","Sánchez Leal","Secretaría Académica","","","","","","","30","13:30 - 15:00","D4","","","13:00 - 15:00","H6","","","","","","","","",""
"450-MCC4","Optativa","Aprendizaje automático","","MCC","","4","Regular","","","Víctor Emanuel","Uc Cetina","","","","","","","","12","","","10:30 - 12:30","CC2","","","10:30 - 12:30","CC2","","","","","","",""
